@filter|Measure|BaseYear,@filter|Measure|WeatherStructure,@filter|Measure|Effect,@filter|EnergyType,@filter|Measure|Activity,@filter|Measure|Intensity,@filter|Model,@timeseries|Year,@filter|Sector
1985,0.9887904468919392,0.39168597233723934,elec,0.39612637194101563,1.0,Multiplicative,1949,Commercial
1985,0.9887904468919392,0.3996460398485019,elec,0.404176679805825,1.0,Multiplicative,1950,Commercial
1985,0.9887904468919392,0.4062329108970718,elec,0.4108382237854158,1.0,Multiplicative,1951,Commercial
1985,0.9887904468919392,0.41277448650814674,elec,0.41745395882981984,1.0,Multiplicative,1952,Commercial
1985,0.9887904468919392,0.42070925560241335,elec,0.42547868147879764,1.0,Multiplicative,1953,Commercial
1985,0.9887904468919392,0.43020983363653137,elec,0.4350869640668638,1.0,Multiplicative,1954,Commercial
1985,0.9887904468919392,0.44122447809567467,elec,0.44622647749335936,1.0,Multiplicative,1955,Commercial
1985,0.9887904468919392,0.4532029910420621,elec,0.4583407864291298,1.0,Multiplicative,1956,Commercial
1985,0.9887904468919392,0.4651794937653875,elec,0.4704530623526797,1.0,Multiplicative,1957,Commercial
1985,0.9887904468919392,0.47756877736027586,elec,0.48298279869249927,1.0,Multiplicative,1958,Commercial
1985,0.9887904468919392,0.49025072882049603,elec,0.49580852076544535,1.0,Multiplicative,1959,Commercial
1985,0.9887904468919392,0.44994467700377383,elec,0.45504553408468196,1.0,Multiplicative,1960,Commercial
1985,0.9887904468919392,0.4652574515905668,elec,0.4705319039570099,1.0,Multiplicative,1961,Commercial
1985,0.9887904468919392,0.48110250697818874,elec,0.4865565889015577,1.0,Multiplicative,1962,Commercial
1985,0.9887904468919392,0.4979605511092183,elec,0.5036057464697961,1.0,Multiplicative,1963,Commercial
1985,0.9887904468919392,0.5157837001985717,elec,0.5216309500358063,1.0,Multiplicative,1964,Commercial
1985,0.9887904468919392,0.534905906837863,elec,0.5409699380887331,1.0,Multiplicative,1965,Commercial
1985,0.9887904468919392,0.5559839027664321,elec,0.5622868874937595,1.0,Multiplicative,1966,Commercial
1985,0.9887904468919392,0.5774433107435335,elec,0.5839895728752321,1.0,Multiplicative,1967,Commercial
1985,0.9887904468919392,0.5993576607980268,elec,0.6061523578448651,1.0,Multiplicative,1968,Commercial
1985,0.9887904468919392,0.6234015364207867,elec,0.6304688100297915,1.0,Multiplicative,1969,Commercial
1985,0.9887904468919392,0.6475673876855753,elec,0.6549086206496747,1.0,Multiplicative,1970,Commercial
1985,0.9965379991067776,0.6757432033498043,elec,0.6780907541463448,1.0,Multiplicative,1971,Commercial
1985,1.0170431319024493,0.7148016153232658,elec,0.7028233050314986,1.0,Multiplicative,1972,Commercial
1985,1.0035764295885745,0.7325623940536468,elec,0.7299517729346907,1.0,Multiplicative,1973,Commercial
1985,1.0493991898435808,0.7944713873455587,elec,0.7570726135818528,1.0,Multiplicative,1974,Commercial
1985,1.0057087624575327,0.7837276134744019,elec,0.7792788953725515,1.0,Multiplicative,1975,Commercial
1985,1.0433248064610168,0.8321450894703689,elec,0.7975896713249112,1.0,Multiplicative,1976,Commercial
1985,0.9889150602510496,0.8084596857374247,elec,0.8175218663695809,1.0,Multiplicative,1977,Commercial
1985,0.9808615687544511,0.825265064330062,elec,0.8413675187396998,1.0,Multiplicative,1978,Commercial
1985,1.0114874504266689,0.8785533586395381,elec,0.8685756390442055,1.0,Multiplicative,1979,Commercial
1985,0.9870699232951913,0.8827191978918432,elec,0.8942823371063844,1.0,Multiplicative,1980,Commercial
1985,1.0222587161705474,0.9362485361998176,elec,0.9158626103058041,1.0,Multiplicative,1981,Commercial
1985,1.011156919874509,0.9457486701167115,elec,0.9353134528655404,1.0,Multiplicative,1982,Commercial
1985,0.9953072612598092,0.9484847664723369,elec,0.9529567435002868,1.0,Multiplicative,1983,Commercial
1985,1.007184684878848,0.9811151215725273,elec,0.9741164021874931,1.0,Multiplicative,1984,Commercial
1985,1.0,1.0,elec,1.0,1.0,Multiplicative,1985,Commercial
1985,1.0168258762895332,1.0451610353927787,elec,1.0278662844484667,1.0,Multiplicative,1986,Commercial
1985,1.0068444134823298,1.06225266856895,elec,1.0550315960883987,1.0,Multiplicative,1987,Commercial
1985,0.9999449634329395,1.0817510273169506,elec,1.0818105664567381,1.0,Multiplicative,1988,Commercial
1985,1.012093675489152,1.1205147129224586,elec,1.107125496442714,1.0,Multiplicative,1989,Commercial
1985,1.015838696286727,1.1482604902905325,elec,1.1303571073713348,1.0,Multiplicative,1990,Commercial
1985,1.004026370030478,1.1538514145154481,elec,1.149224212587586,1.0,Multiplicative,1991,Commercial
1985,1.0279087493328443,1.1970188794300398,elec,1.1645186211392355,1.0,Multiplicative,1992,Commercial
1985,1.0042276147075364,1.1842676010259425,elec,1.1792820508832946,1.0,Multiplicative,1993,Commercial
1985,1.0104191816061037,1.2080823934047997,elec,1.1956249598156896,1.0,Multiplicative,1994,Commercial
1985,1.0051311266433718,1.2213482315870947,elec,1.215113331198665,1.0,Multiplicative,1995,Commercial
1985,1.0090075366448865,1.2475983643312576,elec,1.2364608974871727,1.0,Multiplicative,1996,Commercial
1985,1.0125355729179062,1.275839910796573,elec,1.2600445307021473,1.0,Multiplicative,1997,Commercial
1985,1.000386678284226,1.2898455416301617,elec,1.2893469791524912,1.0,Multiplicative,1998,Commercial
1985,1.008375489860877,1.3344289851523434,elec,1.3233453198435547,1.0,Multiplicative,1999,Commercial
1985,1.0066010513706243,1.3676488678431489,elec,1.3586801503742807,1.0,Multiplicative,2000,Commercial
1985,1.00829463479786,1.4044177032150973,elec,1.39286440168022,1.0,Multiplicative,2001,Commercial
1985,1.0005741769872276,1.4147164055729897,elec,1.4139045741044032,1.0,Multiplicative,2002,Commercial
1985,1.0071972540639162,1.4422598307351127,elec,1.4319536961759702,1.0,Multiplicative,2003,Commercial
1985,1.0109834907080246,1.4656251533530054,elec,1.4497023609421953,1.0,Multiplicative,2004,Commercial
1985,1.0026302830901481,1.472236463211533,elec,1.46837422332192,1.0,Multiplicative,2005,Commercial
1985,1.0059904434073417,1.4974221268254067,elec,1.4885053199447507,1.0,Multiplicative,2006,Commercial
1985,1.0021701850512625,1.5131191313445431,elec,1.5098424937348787,1.0,Multiplicative,2007,Commercial
1985,1.0044963234938098,1.5358479421494404,elec,1.5289731841003649,1.0,Multiplicative,2008,Commercial
1985,1.0069248117676914,1.5535466999199408,elec,1.5428626663719167,1.0,Multiplicative,2009,Commercial
1985,0.9953125971680771,1.5401018490530745,elec,1.547354924910088,1.0,Multiplicative,2010,Commercial
1985,0.9971069112876995,1.5451164413395848,elec,1.5495995703651941,1.0,Multiplicative,2011,Commercial
1985,1.0042569692759025,1.5585003451227868,elec,1.5518939801299156,1.0,Multiplicative,2012,Commercial
1985,1.0042486095948913,1.562720723604116,elec,1.5561094221823315,1.0,Multiplicative,2013,Commercial
1985,1.0074854640474844,1.573857949717963,elec,1.562164424085214,1.0,Multiplicative,2014,Commercial
1985,1.0051066440032899,1.5775928443816305,elec,1.5695775704935713,1.0,Multiplicative,2015,Commercial
1985,1.0026001718234525,1.5814441184540609,elec,1.577342756263298,1.0,Multiplicative,2016,Commercial
1985,1.008915460845195,1.6009721898370235,elec,1.5868249144441173,1.0,Multiplicative,2017,Commercial
1985,1.008915460845195,1.610631124028225,elec,1.5963984957460728,1.0,Multiplicative,2018,Commercial
1985,1.008915460845195,1.6074366420116246,elec,1.5932322423377603,1.0,Multiplicative,2019,Commercial
1985,0.0,0.0,elec,0.0,0.0,Additive,1949,Commercial
1985,0.0,0.0,elec,0.0,0.0,Additive,1950,Commercial
1985,0.0,0.0,elec,0.0,0.0,Additive,1951,Commercial
1985,0.0,0.0,elec,0.0,0.0,Additive,1952,Commercial
1985,0.0,0.0,elec,0.0,0.0,Additive,1953,Commercial
1985,0.0,0.0,elec,0.0,0.0,Additive,1954,Commercial
1985,0.0,0.0,elec,0.0,0.0,Additive,1955,Commercial
1985,0.0,0.0,elec,0.0,0.0,Additive,1956,Commercial
1985,0.0,0.0,elec,0.0,0.0,Additive,1957,Commercial
1985,0.0,0.0,elec,0.0,0.0,Additive,1958,Commercial
1985,0.0,0.0,elec,0.0,0.0,Additive,1959,Commercial
1985,0.0,0.0,elec,0.0,0.0,Additive,1960,Commercial
1985,0.0,0.0,elec,0.0,0.0,Additive,1961,Commercial
1985,0.0,0.0,elec,0.0,0.0,Additive,1962,Commercial
1985,0.0,0.0,elec,0.0,0.0,Additive,1963,Commercial
1985,0.0,0.0,elec,0.0,0.0,Additive,1964,Commercial
1985,0.0,0.0,elec,0.0,0.0,Additive,1965,Commercial
1985,0.0,0.0,elec,0.0,0.0,Additive,1966,Commercial
1985,0.0,0.0,elec,0.0,0.0,Additive,1967,Commercial
1985,0.0,0.0,elec,0.0,0.0,Additive,1968,Commercial
1985,0.0,0.0,elec,0.0,0.0,Additive,1969,Commercial
1985,0.0,0.0,elec,0.0,0.0,Additive,1970,Commercial
1985,0.0,0.0,elec,0.0,0.0,Additive,1971,Commercial
1985,0.0,0.0,elec,0.0,0.0,Additive,1972,Commercial
1985,0.0,0.0,elec,0.0,0.0,Additive,1973,Commercial
1985,0.0,0.0,elec,0.0,0.0,Additive,1974,Commercial
1985,0.0,0.0,elec,0.0,0.0,Additive,1975,Commercial
1985,0.0,0.0,elec,0.0,0.0,Additive,1976,Commercial
1985,0.0,0.0,elec,0.0,0.0,Additive,1977,Commercial
1985,0.0,0.0,elec,0.0,0.0,Additive,1978,Commercial
1985,0.0,0.0,elec,0.0,0.0,Additive,1979,Commercial
1985,0.0,0.0,elec,0.0,0.0,Additive,1980,Commercial
1985,0.0,0.0,elec,0.0,0.0,Additive,1981,Commercial
1985,0.0,0.0,elec,0.0,0.0,Additive,1982,Commercial
1985,0.0,0.0,elec,0.0,0.0,Additive,1983,Commercial
1985,0.0,0.0,elec,0.0,0.0,Additive,1984,Commercial
1985,0.0,0.0,elec,0.0,0.0,Additive,1985,Commercial
1985,0.016685889319817723,0.04417097439879115,elec,0.027485085078973424,0.0,Additive,1986,Commercial
1985,0.006821096816510214,0.06039181219503691,elec,0.0535707153785267,0.0,Additive,1987,Commercial
1985,-5.503808162786103e-05,0.07858104980297079,elec,0.07863608788459865,0.0,Additive,1988,Commercial
1985,0.012021131294026204,0.11378814484863878,elec,0.10176701355461258,0.0,Additive,1989,Commercial
1985,0.015714573054716185,0.138248180076249,elec,0.12253360702153283,0.0,Additive,1990,Commercial
1985,0.0040182858952148865,0.143105402877002,elec,0.13908711698178713,0.0,Additive,1991,Commercial
1985,0.027526397852682565,0.1798341987405444,elec,0.1523078008878619,0.0,Additive,1992,Commercial
1985,0.0042187034512226294,0.16912452530443098,elec,0.1649058218532084,0.0,Additive,1993,Commercial
1985,0.010365276044675345,0.18903430364759533,elec,0.17866902760292003,0.0,Additive,1994,Commercial
1985,0.005118007272023268,0.1999553564212538,elec,0.1948373491492306,0.0,Additive,1995,Commercial
1985,0.008967210763681585,0.22122039469843777,elec,0.21225318393475623,0.0,Additive,1996,Commercial
1985,0.012457653127461922,0.24360471529344194,elec,0.23114706216598008,0.0,Additive,1997,Commercial
1985,0.0003866035434447086,0.25452247603433586,elec,0.2541358724908912,0.0,Additive,1998,Commercial
1985,0.00834061006724952,0.28850347387350533,elec,0.2801628638062558,0.0,Additive,1999,Commercial
1985,0.006579359836652801,0.31309311070029733,elec,0.3065137508636445,0.0,Additive,2000,Commercial
1985,0.00826042336534761,0.3396227707689325,elec,0.3313623474035849,0.0,Additive,2001,Commercial
1985,0.0005740122106924327,0.3469290909186512,elec,0.3463550787079588,0.0,Additive,2002,Commercial
1985,0.007171477437608552,0.3662112103806262,elec,0.35903973294301766,0.0,Additive,2003,Commercial
1985,0.010923610239351154,0.3822818772856825,elec,0.3713582670463314,0.0,Additive,2004,Commercial
1985,0.0026268299494143967,0.3867826481740427,elec,0.3841558182246283,0.0,Additive,2005,Commercial
1985,0.0059725720373384715,0.4037450475353817,elec,0.3977724754980433,0.0,Additive,2006,Commercial
1985,0.002167833601124735,0.4141731702025694,elec,0.4120053366014447,0.0,Additive,2007,Commercial
1985,0.004486245230126376,0.42908263382859557,elec,0.4245963885984693,0.0,Additive,2008,Commercial
1985,0.006900945375517277,0.4405405104998414,elec,0.4336395651243242,0.0,Additive,2009,Commercial
1985,-0.004698423155861326,0.4318485499874152,elec,0.4365469731432766,0.0,Additive,2010,Commercial
1985,-0.002897281782684856,0.4350992740726301,elec,0.43799655585531505,0.0,Additive,2011,Commercial
1985,0.004247934015004211,0.443724041670714,elec,0.4394761076557099,0.0,Additive,2012,Commercial
1985,0.004239609735401265,0.44642835575836054,elec,0.4421887460229594,0.0,Additive,2013,Commercial
1985,0.007457586990188022,0.4535298979670689,elec,0.446072310976881,0.0,Additive,2014,Commercial
1985,0.005093649317516287,0.45590016909379616,elec,0.45080651977628006,0.0,Additive,2015,Commercial
1985,0.0025967972251216558,0.4583384286176692,elec,0.45574163139254775,0.0,Additive,2016,Commercial
1985,0.00887595277230164,0.47061106336840824,elec,0.4617351105961068,0.0,Additive,2017,Commercial
1985,,0.4766261046854672,elec,0.4677501519131657,0.0,Additive,2018,Commercial
1985,,0.4746407623632278,elec,0.4657648095909263,0.0,Additive,2019,Commercial
1985,1.4384161125221255,0.5697945559948893,fuels,0.39612637194101563,1.0,Multiplicative,1949,Commercial
1985,1.4384161125221255,0.5813742485383947,fuels,0.404176679805825,1.0,Multiplicative,1950,Commercial
1985,1.4384161125221255,0.5909563207329128,fuels,0.4108382237854158,1.0,Multiplicative,1951,Commercial
1985,1.4384161125221255,0.6004725006169609,fuels,0.41745395882981984,1.0,Multiplicative,1952,Commercial
1985,1.4384161125221255,0.6120153909737718,fuels,0.42547868147879764,1.0,Multiplicative,1953,Commercial
1985,1.4384161125221255,0.6258360994621119,fuels,0.4350869640668638,1.0,Multiplicative,1954,Commercial
1985,1.4384161125221255,0.6418593550604397,fuels,0.44622647749335936,1.0,Multiplicative,1955,Commercial
1985,1.4384161125221255,0.6592847722257227,fuels,0.4583407864291298,1.0,Multiplicative,1956,Commercial
1985,1.4384161125221255,0.6767072650734707,fuels,0.4704530623526797,1.0,Multiplicative,1957,Commercial
1985,1.4384161125221255,0.6947302397103211,fuels,0.48298279869249927,1.0,Multiplicative,1958,Commercial
1985,1.4384161125221255,0.7131789649947774,fuels,0.49580852076544535,1.0,Multiplicative,1959,Commercial
1985,1.4384161125221255,0.6545448281586426,fuels,0.45504553408468196,1.0,Multiplicative,1960,Commercial
1985,1.4384161125221255,0.6768206721074763,fuels,0.4705319039570099,1.0,Multiplicative,1961,Commercial
1985,1.4384161125221255,0.6998708371298046,fuels,0.4865565889015577,1.0,Multiplicative,1962,Commercial
1985,1.4384161125221255,0.7243946200808872,fuels,0.5036057464697961,1.0,Multiplicative,1963,Commercial
1985,1.4384161125221255,0.7503223633217275,fuels,0.5216309500358063,1.0,Multiplicative,1964,Commercial
1985,1.4384161125221255,0.7781398753369303,fuels,0.5409699380887331,1.0,Multiplicative,1965,Commercial
1985,1.4384161125221255,0.8088025188309393,fuels,0.5622868874937595,1.0,Multiplicative,1966,Commercial
1985,1.4384161125221255,0.8400200111686479,fuels,0.5839895728752321,1.0,Multiplicative,1967,Commercial
1985,1.4384161125221255,0.8718993181673311,fuels,0.6061523578448651,1.0,Multiplicative,1968,Commercial
1985,1.4384161125221255,0.9068764947895032,fuels,0.6304688100297915,1.0,Multiplicative,1969,Commercial
1985,1.4384161125221255,0.9420311121721325,fuels,0.6549086206496747,1.0,Multiplicative,1970,Commercial
1985,1.4241994863546128,0.9657365037570362,fuels,0.6780907541463448,1.0,Multiplicative,1971,Commercial
1985,1.3826620162432053,0.9717670879975652,fuels,0.7028233050314986,1.0,Multiplicative,1972,Commercial
1985,1.3474377366021357,0.9835645647518357,fuels,0.7299517729346907,1.0,Multiplicative,1973,Commercial
1985,1.3351551633113254,1.0108094090254107,fuels,0.7570726135818528,1.0,Multiplicative,1974,Commercial
1985,1.2932994081055091,1.0078409341344359,fuels,0.7792788953725515,1.0,Multiplicative,1975,Commercial
1985,1.2406103603573662,0.9894980095597113,fuels,0.7975896713249112,1.0,Multiplicative,1976,Commercial
1985,1.2204674985306916,0.9977588672422247,fuels,0.8175218663695809,1.0,Multiplicative,1977,Commercial
1985,1.1718055882199936,0.9859191602059705,fuels,0.8413675187396998,1.0,Multiplicative,1978,Commercial
1985,1.1730469053154928,1.018879965413232,fuels,0.8685756390442055,1.0,Multiplicative,1979,Commercial
1985,1.1418082018114906,1.021098907243218,fuels,0.8942823371063844,1.0,Multiplicative,1980,Commercial
1985,1.1339077712202554,1.0385037311958196,fuels,0.9158626103058041,1.0,Multiplicative,1981,Commercial
1985,1.095073893077175,1.0242373440769221,fuels,0.9353134528655404,1.0,Multiplicative,1982,Commercial
1985,1.0748928430676503,1.0243263833415128,fuels,0.9529567435002868,1.0,Multiplicative,1983,Commercial
1985,1.0369676547775768,1.0101272010567355,fuels,0.9741164021874931,1.0,Multiplicative,1984,Commercial
1985,1.0,1.0,fuels,1.0,1.0,Multiplicative,1985,Commercial
1985,0.9645521908588437,0.991430676574708,fuels,1.0278662844484667,1.0,Multiplicative,1986,Commercial
1985,0.9489190309373162,1.0011395597684534,fuels,1.0550315960883987,1.0,Multiplicative,1987,Commercial
1985,0.8964540691168226,0.9697934843137177,fuels,1.0818105664567381,1.0,Multiplicative,1988,Commercial
1985,0.8507105901540277,0.9418433844533521,fuels,1.107125496442714,1.0,Multiplicative,1989,Commercial
1985,0.8636602376669178,0.9762444880008168,fuels,1.1303571073713348,1.0,Multiplicative,1990,Commercial
1985,0.8231490115170836,0.9459827746029702,fuels,1.149224212587586,1.0,Multiplicative,1991,Commercial
1985,0.7601170722333332,0.8851704848615539,fuels,1.1645186211392355,1.0,Multiplicative,1992,Commercial
1985,0.7206016376321848,0.8497925770967436,fuels,1.1792820508832946,1.0,Multiplicative,1993,Commercial
1985,0.6865927227741804,0.8209073965766244,fuels,1.1956249598156896,1.0,Multiplicative,1994,Commercial
1985,0.6617616139563846,0.8041153591939474,fuels,1.215113331198665,1.0,Multiplicative,1995,Commercial
1985,0.6113669878292124,0.7559313744653373,fuels,1.2364608974871727,1.0,Multiplicative,1996,Commercial
1985,0.5735024359597298,0.722638607775416,fuels,1.2600445307021473,1.0,Multiplicative,1997,Commercial
1985,0.5802240377506473,0.7481101103054582,fuels,1.2893469791524912,1.0,Multiplicative,1998,Commercial
1985,0.5129686046475364,0.678834602186996,fuels,1.3233453198435547,1.0,Multiplicative,1999,Commercial
1985,0.45918864179990465,0.6238904928908562,fuels,1.3586801503742807,1.0,Multiplicative,2000,Commercial
1985,0.43648527223907096,0.6079647975595015,fuels,1.39286440168022,1.0,Multiplicative,2001,Commercial
1985,0.38590614760127007,0.5456344672684447,fuels,1.4139045741044032,1.0,Multiplicative,2002,Commercial
1985,0.31136874334632086,0.4458656229084312,fuels,1.4319536961759702,1.0,Multiplicative,2003,Commercial
1985,0.26528229965293854,0.3845803761230399,fuels,1.4497023609421953,1.0,Multiplicative,2004,Commercial
1985,0.21766605289995816,0.319615221370524,fuels,1.46837422332192,1.0,Multiplicative,2005,Commercial
1985,0.17640653789132746,0.26258207012427615,fuels,1.4885053199447507,1.0,Multiplicative,2006,Commercial
1985,0.09812758500513499,0.1481571976483343,fuels,1.5098424937348787,1.0,Multiplicative,2007,Commercial
1985,0.028585844132035274,0.043706989122754704,fuels,1.5289731841003649,1.0,Multiplicative,2008,Commercial
1985,0.028585844132035274,0.04410403169804395,fuels,1.5428626663719167,1.0,Multiplicative,2009,Commercial
1985,0.08063298741091492,0.12476785018049232,fuels,1.547354924910088,1.0,Multiplicative,2010,Commercial
1985,0.13669317271872053,0.2118196817167846,fuels,1.5495995703651941,1.0,Multiplicative,2011,Commercial
1985,0.21912071507038494,0.34005211863949286,fuels,1.5518939801299156,1.0,Multiplicative,2012,Commercial
1985,0.27374385475441326,0.4259753916478541,fuels,1.5561094221823315,1.0,Multiplicative,2013,Commercial
1985,0.33853105879543116,0.5288411764981225,fuels,1.562164424085214,1.0,Multiplicative,2014,Commercial
1985,0.4387373556296259,0.6886323127339222,fuels,1.5695775704935713,1.0,Multiplicative,2015,Commercial
1985,0.6252953891286505,0.986305152566917,fuels,1.577342756263298,1.0,Multiplicative,2016,Commercial
1985,0.7804073955790805,1.2383698987213307,fuels,1.5868249144441173,1.0,Multiplicative,2017,Commercial
1985,0.7804073955790805,1.2458411923715544,fuels,1.5963984957460728,1.0,Multiplicative,2018,Commercial
1985,0.7804073955790805,1.24337022479543,fuels,1.5932322423377603,1.0,Multiplicative,2019,Commercial
1985,0.0,0.0,fuels,0.0,0.0,Additive,1949,Commercial
1985,0.0,0.0,fuels,0.0,0.0,Additive,1950,Commercial
1985,0.0,0.0,fuels,0.0,0.0,Additive,1951,Commercial
1985,0.0,0.0,fuels,0.0,0.0,Additive,1952,Commercial
1985,0.0,0.0,fuels,0.0,0.0,Additive,1953,Commercial
1985,0.0,0.0,fuels,0.0,0.0,Additive,1954,Commercial
1985,0.0,0.0,fuels,0.0,0.0,Additive,1955,Commercial
1985,0.0,0.0,fuels,0.0,0.0,Additive,1956,Commercial
1985,0.0,0.0,fuels,0.0,0.0,Additive,1957,Commercial
1985,0.0,0.0,fuels,0.0,0.0,Additive,1958,Commercial
1985,0.0,0.0,fuels,0.0,0.0,Additive,1959,Commercial
1985,0.0,0.0,fuels,0.0,0.0,Additive,1960,Commercial
1985,0.0,0.0,fuels,0.0,0.0,Additive,1961,Commercial
1985,0.0,0.0,fuels,0.0,0.0,Additive,1962,Commercial
1985,0.0,0.0,fuels,0.0,0.0,Additive,1963,Commercial
1985,0.0,0.0,fuels,0.0,0.0,Additive,1964,Commercial
1985,0.0,0.0,fuels,0.0,0.0,Additive,1965,Commercial
1985,0.0,0.0,fuels,0.0,0.0,Additive,1966,Commercial
1985,0.0,0.0,fuels,0.0,0.0,Additive,1967,Commercial
1985,0.0,0.0,fuels,0.0,0.0,Additive,1968,Commercial
1985,0.0,0.0,fuels,0.0,0.0,Additive,1969,Commercial
1985,0.0,0.0,fuels,0.0,0.0,Additive,1970,Commercial
1985,0.0,0.0,fuels,0.0,0.0,Additive,1971,Commercial
1985,0.0,0.0,fuels,0.0,0.0,Additive,1972,Commercial
1985,0.0,0.0,fuels,0.0,0.0,Additive,1973,Commercial
1985,0.0,0.0,fuels,0.0,0.0,Additive,1974,Commercial
1985,0.0,0.0,fuels,0.0,0.0,Additive,1975,Commercial
1985,0.0,0.0,fuels,0.0,0.0,Additive,1976,Commercial
1985,0.0,0.0,fuels,0.0,0.0,Additive,1977,Commercial
1985,0.0,0.0,fuels,0.0,0.0,Additive,1978,Commercial
1985,0.0,0.0,fuels,0.0,0.0,Additive,1979,Commercial
1985,0.0,0.0,fuels,0.0,0.0,Additive,1980,Commercial
1985,0.0,0.0,fuels,0.0,0.0,Additive,1981,Commercial
1985,0.0,0.0,fuels,0.0,0.0,Additive,1982,Commercial
1985,0.0,0.0,fuels,0.0,0.0,Additive,1983,Commercial
1985,0.0,0.0,fuels,0.0,0.0,Additive,1984,Commercial
1985,0.0,0.0,fuels,0.0,0.0,Additive,1985,Commercial
1985,-0.03609133627158063,-0.008606251192607203,fuels,0.027485085078973424,0.0,Additive,1986,Commercial
1985,-0.05243180441545148,0.0011389109630752237,fuels,0.0535707153785267,0.0,Additive,1987,Commercial
1985,-0.10930822080568234,-0.030672132921083686,fuels,0.07863608788459865,0.0,Additive,1988,Commercial
1985,-0.16168329032495926,-0.059916276770346666,fuels,0.10176701355461258,0.0,Additive,1989,Commercial
1985,-0.1465758309596274,-0.02404222393809454,fuels,0.12253360702153283,0.0,Additive,1990,Commercial
1985,-0.19461803574276224,-0.05553091876097508,fuels,0.13908711698178713,0.0,Additive,1991,Commercial
1985,-0.2742828151527942,-0.12197501426493226,fuels,0.1523078008878619,0.0,Additive,1992,Commercial
1985,-0.32766880807541066,-0.16276298622220225,fuels,0.1649058218532084,0.0,Additive,1993,Commercial
1985,-0.37601399694541615,-0.1973449693424961,fuels,0.17866902760292003,0.0,Additive,1994,Commercial
1985,-0.4128498876603877,-0.21801253851115712,fuels,0.1948373491492306,0.0,Additive,1995,Commercial
1985,-0.4920578653743659,-0.2798046814396097,fuels,0.21225318393475623,0.0,Additive,1996,Commercial
1985,-0.55599309488951,-0.32484603272352985,fuels,0.23114706216598008,0.0,Additive,1997,Commercial
1985,-0.5443409780416147,-0.2902051055507235,fuels,0.2541358724908912,0.0,Additive,1998,Commercial
1985,-0.6675406352016079,-0.38737777139535196,fuels,0.2801628638062558,0.0,Additive,1999,Commercial
1985,-0.7782941690389952,-0.4717804181753505,fuels,0.3065137508636445,0.0,Additive,2000,Commercial
1985,-0.8290006448465727,-0.4976382974429876,fuels,0.3313623474035849,0.0,Additive,2001,Commercial
1985,-0.9521610800102067,-0.6058060013022478,fuels,0.3463550787079588,0.0,Additive,2002,Commercial
1985,-1.1667773992305097,-0.807737666287492,fuels,0.35903973294301766,0.0,Additive,2003,Commercial
1985,-1.3269607382966253,-0.955602471250294,fuels,0.3713582670463314,0.0,Additive,2004,Commercial
1985,-1.5247932581329606,-1.1406374399083326,fuels,0.3841558182246283,0.0,Additive,2005,Commercial
1985,-1.7349640732202518,-1.3371915977222089,fuels,0.3977724754980433,0.0,Additive,2006,Commercial
1985,-2.3214867592251864,-1.9094814226237418,fuels,0.4120053366014447,0.0,Additive,2007,Commercial
1985,-3.5548436441080202,-3.130247255509551,fuels,0.4245963885984693,0.0,Additive,2008,Commercial
1985,,-3.121204078983696,fuels,0.4336395651243242,0.0,Additive,2009,Commercial
1985,-2.5178474401106667,-2.08130046696739,fuels,0.4365469731432766,0.0,Additive,2010,Commercial
1985,-1.9900164800347828,-1.5520199241794677,fuels,0.43799655585531505,0.0,Additive,2011,Commercial
1985,-1.5181324906592146,-1.0786563830035045,fuels,0.4394761076557099,0.0,Additive,2012,Commercial
1985,-1.295562446489101,-0.8533737004661412,fuels,0.4421887460229594,0.0,Additive,2013,Commercial
1985,-1.0831394366427154,-0.6370671256658341,fuels,0.446072310976881,0.0,Additive,2014,Commercial
1985,-0.8238543236951157,-0.37304780391883535,fuels,0.45080651977628006,0.0,Additive,2015,Commercial
1985,-0.46953111829078165,-0.013789486898233616,fuels,0.45574163139254775,0.0,Additive,2016,Commercial
1985,-0.24793919362626482,0.21379591696984224,fuels,0.4617351105961068,0.0,Additive,2017,Commercial
1985,,0.2198109582869012,fuels,0.4677501519131657,0.0,Additive,2018,Commercial
1985,,0.2178256159646618,fuels,0.4657648095909263,0.0,Additive,2019,Commercial
1985,1.0,0.39612637194101563,deliv,0.39612637194101563,1.0,Multiplicative,1949,Commercial
1985,1.0,0.404176679805825,deliv,0.404176679805825,1.0,Multiplicative,1950,Commercial
1985,1.0,0.4108382237854158,deliv,0.4108382237854158,1.0,Multiplicative,1951,Commercial
1985,1.0,0.41745395882981984,deliv,0.41745395882981984,1.0,Multiplicative,1952,Commercial
1985,1.0,0.42547868147879764,deliv,0.42547868147879764,1.0,Multiplicative,1953,Commercial
1985,1.0,0.4350869640668638,deliv,0.4350869640668638,1.0,Multiplicative,1954,Commercial
1985,1.0,0.44622647749335936,deliv,0.44622647749335936,1.0,Multiplicative,1955,Commercial
1985,1.0,0.4583407864291298,deliv,0.4583407864291298,1.0,Multiplicative,1956,Commercial
1985,1.0,0.4704530623526797,deliv,0.4704530623526797,1.0,Multiplicative,1957,Commercial
1985,1.0,0.48298279869249927,deliv,0.48298279869249927,1.0,Multiplicative,1958,Commercial
1985,1.0,0.49580852076544535,deliv,0.49580852076544535,1.0,Multiplicative,1959,Commercial
1985,1.0,0.45504553408468196,deliv,0.45504553408468196,1.0,Multiplicative,1960,Commercial
1985,1.0,0.4705319039570099,deliv,0.4705319039570099,1.0,Multiplicative,1961,Commercial
1985,1.0,0.4865565889015577,deliv,0.4865565889015577,1.0,Multiplicative,1962,Commercial
1985,1.0,0.5036057464697961,deliv,0.5036057464697961,1.0,Multiplicative,1963,Commercial
1985,1.0,0.5216309500358063,deliv,0.5216309500358063,1.0,Multiplicative,1964,Commercial
1985,1.0,0.5409699380887331,deliv,0.5409699380887331,1.0,Multiplicative,1965,Commercial
1985,1.0,0.5622868874937595,deliv,0.5622868874937595,1.0,Multiplicative,1966,Commercial
1985,1.0,0.5839895728752321,deliv,0.5839895728752321,1.0,Multiplicative,1967,Commercial
1985,1.0,0.6061523578448651,deliv,0.6061523578448651,1.0,Multiplicative,1968,Commercial
1985,1.0,0.6304688100297915,deliv,0.6304688100297915,1.0,Multiplicative,1969,Commercial
1985,1.0,0.6549086206496747,deliv,0.6549086206496747,1.0,Multiplicative,1970,Commercial
1985,1.0,0.6780907541463448,deliv,0.6780907541463448,1.0,Multiplicative,1971,Commercial
1985,1.0,0.7028233050314986,deliv,0.7028233050314986,1.0,Multiplicative,1972,Commercial
1985,1.0,0.7299517729346907,deliv,0.7299517729346907,1.0,Multiplicative,1973,Commercial
1985,1.0,0.7570726135818528,deliv,0.7570726135818528,1.0,Multiplicative,1974,Commercial
1985,1.0,0.7792788953725515,deliv,0.7792788953725515,1.0,Multiplicative,1975,Commercial
1985,1.0,0.7975896713249112,deliv,0.7975896713249112,1.0,Multiplicative,1976,Commercial
1985,1.0,0.8175218663695809,deliv,0.8175218663695809,1.0,Multiplicative,1977,Commercial
1985,1.0,0.8413675187396998,deliv,0.8413675187396998,1.0,Multiplicative,1978,Commercial
1985,1.0,0.8685756390442055,deliv,0.8685756390442055,1.0,Multiplicative,1979,Commercial
1985,1.0,0.8942823371063844,deliv,0.8942823371063844,1.0,Multiplicative,1980,Commercial
1985,1.0,0.9158626103058041,deliv,0.9158626103058041,1.0,Multiplicative,1981,Commercial
1985,1.0,0.9353134528655404,deliv,0.9353134528655404,1.0,Multiplicative,1982,Commercial
1985,1.0,0.9529567435002868,deliv,0.9529567435002868,1.0,Multiplicative,1983,Commercial
1985,1.0,0.9741164021874931,deliv,0.9741164021874931,1.0,Multiplicative,1984,Commercial
1985,1.0,1.0,deliv,1.0,1.0,Multiplicative,1985,Commercial
1985,1.0,1.0278662844484667,deliv,1.0278662844484667,1.0,Multiplicative,1986,Commercial
1985,1.0,1.0550315960883987,deliv,1.0550315960883987,1.0,Multiplicative,1987,Commercial
1985,1.0,1.0818105664567381,deliv,1.0818105664567381,1.0,Multiplicative,1988,Commercial
1985,1.0,1.107125496442714,deliv,1.107125496442714,1.0,Multiplicative,1989,Commercial
1985,1.0,1.1303571073713348,deliv,1.1303571073713348,1.0,Multiplicative,1990,Commercial
1985,1.0,1.149224212587586,deliv,1.149224212587586,1.0,Multiplicative,1991,Commercial
1985,1.0,1.1645186211392355,deliv,1.1645186211392355,1.0,Multiplicative,1992,Commercial
1985,1.0,1.1792820508832946,deliv,1.1792820508832946,1.0,Multiplicative,1993,Commercial
1985,1.0,1.1956249598156896,deliv,1.1956249598156896,1.0,Multiplicative,1994,Commercial
1985,1.0,1.215113331198665,deliv,1.215113331198665,1.0,Multiplicative,1995,Commercial
1985,1.0,1.2364608974871727,deliv,1.2364608974871727,1.0,Multiplicative,1996,Commercial
1985,1.0,1.2600445307021473,deliv,1.2600445307021473,1.0,Multiplicative,1997,Commercial
1985,1.0,1.2893469791524912,deliv,1.2893469791524912,1.0,Multiplicative,1998,Commercial
1985,1.0,1.3233453198435547,deliv,1.3233453198435547,1.0,Multiplicative,1999,Commercial
1985,1.0,1.3586801503742807,deliv,1.3586801503742807,1.0,Multiplicative,2000,Commercial
1985,1.0,1.39286440168022,deliv,1.39286440168022,1.0,Multiplicative,2001,Commercial
1985,1.0,1.4139045741044032,deliv,1.4139045741044032,1.0,Multiplicative,2002,Commercial
1985,1.0,1.4319536961759702,deliv,1.4319536961759702,1.0,Multiplicative,2003,Commercial
1985,1.0,1.4497023609421953,deliv,1.4497023609421953,1.0,Multiplicative,2004,Commercial
1985,1.0,1.46837422332192,deliv,1.46837422332192,1.0,Multiplicative,2005,Commercial
1985,1.0,1.4885053199447507,deliv,1.4885053199447507,1.0,Multiplicative,2006,Commercial
1985,1.0,1.5098424937348787,deliv,1.5098424937348787,1.0,Multiplicative,2007,Commercial
1985,1.0,1.5289731841003649,deliv,1.5289731841003649,1.0,Multiplicative,2008,Commercial
1985,1.0,1.5428626663719167,deliv,1.5428626663719167,1.0,Multiplicative,2009,Commercial
1985,1.0,1.547354924910088,deliv,1.547354924910088,1.0,Multiplicative,2010,Commercial
1985,1.0,1.5495995703651941,deliv,1.5495995703651941,1.0,Multiplicative,2011,Commercial
1985,1.0,1.5518939801299156,deliv,1.5518939801299156,1.0,Multiplicative,2012,Commercial
1985,1.0,1.5561094221823315,deliv,1.5561094221823315,1.0,Multiplicative,2013,Commercial
1985,1.0,1.562164424085214,deliv,1.562164424085214,1.0,Multiplicative,2014,Commercial
1985,1.0,1.5695775704935713,deliv,1.5695775704935713,1.0,Multiplicative,2015,Commercial
1985,1.0,1.577342756263298,deliv,1.577342756263298,1.0,Multiplicative,2016,Commercial
1985,1.0,1.5868249144441173,deliv,1.5868249144441173,1.0,Multiplicative,2017,Commercial
1985,1.0,1.5963984957460728,deliv,1.5963984957460728,1.0,Multiplicative,2018,Commercial
1985,1.0,1.5932322423377603,deliv,1.5932322423377603,1.0,Multiplicative,2019,Commercial
1985,0.0,0.0,deliv,0.0,0.0,Additive,1949,Commercial
1985,0.0,0.0,deliv,0.0,0.0,Additive,1950,Commercial
1985,0.0,0.0,deliv,0.0,0.0,Additive,1951,Commercial
1985,0.0,0.0,deliv,0.0,0.0,Additive,1952,Commercial
1985,0.0,0.0,deliv,0.0,0.0,Additive,1953,Commercial
1985,0.0,0.0,deliv,0.0,0.0,Additive,1954,Commercial
1985,0.0,0.0,deliv,0.0,0.0,Additive,1955,Commercial
1985,0.0,0.0,deliv,0.0,0.0,Additive,1956,Commercial
1985,0.0,0.0,deliv,0.0,0.0,Additive,1957,Commercial
1985,0.0,0.0,deliv,0.0,0.0,Additive,1958,Commercial
1985,0.0,0.0,deliv,0.0,0.0,Additive,1959,Commercial
1985,0.0,0.0,deliv,0.0,0.0,Additive,1960,Commercial
1985,0.0,0.0,deliv,0.0,0.0,Additive,1961,Commercial
1985,0.0,0.0,deliv,0.0,0.0,Additive,1962,Commercial
1985,0.0,0.0,deliv,0.0,0.0,Additive,1963,Commercial
1985,0.0,0.0,deliv,0.0,0.0,Additive,1964,Commercial
1985,0.0,0.0,deliv,0.0,0.0,Additive,1965,Commercial
1985,0.0,0.0,deliv,0.0,0.0,Additive,1966,Commercial
1985,0.0,0.0,deliv,0.0,0.0,Additive,1967,Commercial
1985,0.0,0.0,deliv,0.0,0.0,Additive,1968,Commercial
1985,0.0,0.0,deliv,0.0,0.0,Additive,1969,Commercial
1985,0.0,0.0,deliv,0.0,0.0,Additive,1970,Commercial
1985,0.0,0.0,deliv,0.0,0.0,Additive,1971,Commercial
1985,0.0,0.0,deliv,0.0,0.0,Additive,1972,Commercial
1985,0.0,0.0,deliv,0.0,0.0,Additive,1973,Commercial
1985,0.0,0.0,deliv,0.0,0.0,Additive,1974,Commercial
1985,0.0,0.0,deliv,0.0,0.0,Additive,1975,Commercial
1985,0.0,0.0,deliv,0.0,0.0,Additive,1976,Commercial
1985,0.0,0.0,deliv,0.0,0.0,Additive,1977,Commercial
1985,0.0,0.0,deliv,0.0,0.0,Additive,1978,Commercial
1985,0.0,0.0,deliv,0.0,0.0,Additive,1979,Commercial
1985,0.0,0.0,deliv,0.0,0.0,Additive,1980,Commercial
1985,0.0,0.0,deliv,0.0,0.0,Additive,1981,Commercial
1985,0.0,0.0,deliv,0.0,0.0,Additive,1982,Commercial
1985,0.0,0.0,deliv,0.0,0.0,Additive,1983,Commercial
1985,0.0,0.0,deliv,0.0,0.0,Additive,1984,Commercial
1985,0.0,0.0,deliv,0.0,0.0,Additive,1985,Commercial
1985,0.0,0.027485085078973424,deliv,0.027485085078973424,0.0,Additive,1986,Commercial
1985,0.0,0.0535707153785267,deliv,0.0535707153785267,0.0,Additive,1987,Commercial
1985,0.0,0.07863608788459865,deliv,0.07863608788459865,0.0,Additive,1988,Commercial
1985,0.0,0.10176701355461258,deliv,0.10176701355461258,0.0,Additive,1989,Commercial
1985,0.0,0.12253360702153283,deliv,0.12253360702153283,0.0,Additive,1990,Commercial
1985,0.0,0.13908711698178713,deliv,0.13908711698178713,0.0,Additive,1991,Commercial
1985,0.0,0.1523078008878619,deliv,0.1523078008878619,0.0,Additive,1992,Commercial
1985,0.0,0.1649058218532084,deliv,0.1649058218532084,0.0,Additive,1993,Commercial
1985,0.0,0.17866902760292003,deliv,0.17866902760292003,0.0,Additive,1994,Commercial
1985,0.0,0.1948373491492306,deliv,0.1948373491492306,0.0,Additive,1995,Commercial
1985,0.0,0.21225318393475623,deliv,0.21225318393475623,0.0,Additive,1996,Commercial
1985,0.0,0.23114706216598008,deliv,0.23114706216598008,0.0,Additive,1997,Commercial
1985,0.0,0.2541358724908912,deliv,0.2541358724908912,0.0,Additive,1998,Commercial
1985,0.0,0.2801628638062558,deliv,0.2801628638062558,0.0,Additive,1999,Commercial
1985,0.0,0.3065137508636445,deliv,0.3065137508636445,0.0,Additive,2000,Commercial
1985,0.0,0.3313623474035849,deliv,0.3313623474035849,0.0,Additive,2001,Commercial
1985,0.0,0.3463550787079588,deliv,0.3463550787079588,0.0,Additive,2002,Commercial
1985,0.0,0.35903973294301766,deliv,0.35903973294301766,0.0,Additive,2003,Commercial
1985,0.0,0.3713582670463314,deliv,0.3713582670463314,0.0,Additive,2004,Commercial
1985,0.0,0.3841558182246283,deliv,0.3841558182246283,0.0,Additive,2005,Commercial
1985,0.0,0.3977724754980433,deliv,0.3977724754980433,0.0,Additive,2006,Commercial
1985,0.0,0.4120053366014447,deliv,0.4120053366014447,0.0,Additive,2007,Commercial
1985,0.0,0.4245963885984693,deliv,0.4245963885984693,0.0,Additive,2008,Commercial
1985,0.0,0.4336395651243242,deliv,0.4336395651243242,0.0,Additive,2009,Commercial
1985,0.0,0.4365469731432766,deliv,0.4365469731432766,0.0,Additive,2010,Commercial
1985,0.0,0.43799655585531505,deliv,0.43799655585531505,0.0,Additive,2011,Commercial
1985,0.0,0.4394761076557099,deliv,0.4394761076557099,0.0,Additive,2012,Commercial
1985,0.0,0.4421887460229594,deliv,0.4421887460229594,0.0,Additive,2013,Commercial
1985,0.0,0.446072310976881,deliv,0.446072310976881,0.0,Additive,2014,Commercial
1985,0.0,0.45080651977628006,deliv,0.45080651977628006,0.0,Additive,2015,Commercial
1985,0.0,0.45574163139254775,deliv,0.45574163139254775,0.0,Additive,2016,Commercial
1985,0.0,0.4617351105961068,deliv,0.4617351105961068,0.0,Additive,2017,Commercial
1985,,0.4677501519131657,deliv,0.4677501519131657,0.0,Additive,2018,Commercial
1985,,0.4657648095909263,deliv,0.4657648095909263,0.0,Additive,2019,Commercial
1985,1.0,0.39612637194101563,source,0.39612637194101563,1.0,Multiplicative,1949,Commercial
1985,1.0,0.404176679805825,source,0.404176679805825,1.0,Multiplicative,1950,Commercial
1985,1.0,0.4108382237854158,source,0.4108382237854158,1.0,Multiplicative,1951,Commercial
1985,1.0,0.41745395882981984,source,0.41745395882981984,1.0,Multiplicative,1952,Commercial
1985,1.0,0.42547868147879764,source,0.42547868147879764,1.0,Multiplicative,1953,Commercial
1985,1.0,0.4350869640668638,source,0.4350869640668638,1.0,Multiplicative,1954,Commercial
1985,1.0,0.44622647749335936,source,0.44622647749335936,1.0,Multiplicative,1955,Commercial
1985,1.0,0.4583407864291298,source,0.4583407864291298,1.0,Multiplicative,1956,Commercial
1985,1.0,0.4704530623526797,source,0.4704530623526797,1.0,Multiplicative,1957,Commercial
1985,1.0,0.48298279869249927,source,0.48298279869249927,1.0,Multiplicative,1958,Commercial
1985,1.0,0.49580852076544535,source,0.49580852076544535,1.0,Multiplicative,1959,Commercial
1985,1.0,0.45504553408468196,source,0.45504553408468196,1.0,Multiplicative,1960,Commercial
1985,1.0,0.4705319039570099,source,0.4705319039570099,1.0,Multiplicative,1961,Commercial
1985,1.0,0.4865565889015577,source,0.4865565889015577,1.0,Multiplicative,1962,Commercial
1985,1.0,0.5036057464697961,source,0.5036057464697961,1.0,Multiplicative,1963,Commercial
1985,1.0,0.5216309500358063,source,0.5216309500358063,1.0,Multiplicative,1964,Commercial
1985,1.0,0.5409699380887331,source,0.5409699380887331,1.0,Multiplicative,1965,Commercial
1985,1.0,0.5622868874937595,source,0.5622868874937595,1.0,Multiplicative,1966,Commercial
1985,1.0,0.5839895728752321,source,0.5839895728752321,1.0,Multiplicative,1967,Commercial
1985,1.0,0.6061523578448651,source,0.6061523578448651,1.0,Multiplicative,1968,Commercial
1985,1.0,0.6304688100297915,source,0.6304688100297915,1.0,Multiplicative,1969,Commercial
1985,1.0,0.6549086206496747,source,0.6549086206496747,1.0,Multiplicative,1970,Commercial
1985,1.0,0.6780907541463448,source,0.6780907541463448,1.0,Multiplicative,1971,Commercial
1985,1.0,0.7028233050314986,source,0.7028233050314986,1.0,Multiplicative,1972,Commercial
1985,1.0,0.7299517729346907,source,0.7299517729346907,1.0,Multiplicative,1973,Commercial
1985,1.0,0.7570726135818528,source,0.7570726135818528,1.0,Multiplicative,1974,Commercial
1985,1.0,0.7792788953725515,source,0.7792788953725515,1.0,Multiplicative,1975,Commercial
1985,1.0,0.7975896713249112,source,0.7975896713249112,1.0,Multiplicative,1976,Commercial
1985,1.0,0.8175218663695809,source,0.8175218663695809,1.0,Multiplicative,1977,Commercial
1985,1.0,0.8413675187396998,source,0.8413675187396998,1.0,Multiplicative,1978,Commercial
1985,1.0,0.8685756390442055,source,0.8685756390442055,1.0,Multiplicative,1979,Commercial
1985,1.0,0.8942823371063844,source,0.8942823371063844,1.0,Multiplicative,1980,Commercial
1985,1.0,0.9158626103058041,source,0.9158626103058041,1.0,Multiplicative,1981,Commercial
1985,1.0,0.9353134528655404,source,0.9353134528655404,1.0,Multiplicative,1982,Commercial
1985,1.0,0.9529567435002868,source,0.9529567435002868,1.0,Multiplicative,1983,Commercial
1985,1.0,0.9741164021874931,source,0.9741164021874931,1.0,Multiplicative,1984,Commercial
1985,1.0,1.0,source,1.0,1.0,Multiplicative,1985,Commercial
1985,1.0,1.0278662844484667,source,1.0278662844484667,1.0,Multiplicative,1986,Commercial
1985,1.0,1.0550315960883987,source,1.0550315960883987,1.0,Multiplicative,1987,Commercial
1985,1.0,1.0818105664567381,source,1.0818105664567381,1.0,Multiplicative,1988,Commercial
1985,1.0,1.107125496442714,source,1.107125496442714,1.0,Multiplicative,1989,Commercial
1985,1.0,1.1303571073713348,source,1.1303571073713348,1.0,Multiplicative,1990,Commercial
1985,1.0,1.149224212587586,source,1.149224212587586,1.0,Multiplicative,1991,Commercial
1985,1.0,1.1645186211392355,source,1.1645186211392355,1.0,Multiplicative,1992,Commercial
1985,1.0,1.1792820508832946,source,1.1792820508832946,1.0,Multiplicative,1993,Commercial
1985,1.0,1.1956249598156896,source,1.1956249598156896,1.0,Multiplicative,1994,Commercial
1985,1.0,1.215113331198665,source,1.215113331198665,1.0,Multiplicative,1995,Commercial
1985,1.0,1.2364608974871727,source,1.2364608974871727,1.0,Multiplicative,1996,Commercial
1985,1.0,1.2600445307021473,source,1.2600445307021473,1.0,Multiplicative,1997,Commercial
1985,1.0,1.2893469791524912,source,1.2893469791524912,1.0,Multiplicative,1998,Commercial
1985,1.0,1.3233453198435547,source,1.3233453198435547,1.0,Multiplicative,1999,Commercial
1985,1.0,1.3586801503742807,source,1.3586801503742807,1.0,Multiplicative,2000,Commercial
1985,1.0,1.39286440168022,source,1.39286440168022,1.0,Multiplicative,2001,Commercial
1985,1.0,1.4139045741044032,source,1.4139045741044032,1.0,Multiplicative,2002,Commercial
1985,1.0,1.4319536961759702,source,1.4319536961759702,1.0,Multiplicative,2003,Commercial
1985,1.0,1.4497023609421953,source,1.4497023609421953,1.0,Multiplicative,2004,Commercial
1985,1.0,1.46837422332192,source,1.46837422332192,1.0,Multiplicative,2005,Commercial
1985,1.0,1.4885053199447507,source,1.4885053199447507,1.0,Multiplicative,2006,Commercial
1985,1.0,1.5098424937348787,source,1.5098424937348787,1.0,Multiplicative,2007,Commercial
1985,1.0,1.5289731841003649,source,1.5289731841003649,1.0,Multiplicative,2008,Commercial
1985,1.0,1.5428626663719167,source,1.5428626663719167,1.0,Multiplicative,2009,Commercial
1985,1.0,1.547354924910088,source,1.547354924910088,1.0,Multiplicative,2010,Commercial
1985,1.0,1.5495995703651941,source,1.5495995703651941,1.0,Multiplicative,2011,Commercial
1985,1.0,1.5518939801299156,source,1.5518939801299156,1.0,Multiplicative,2012,Commercial
1985,1.0,1.5561094221823315,source,1.5561094221823315,1.0,Multiplicative,2013,Commercial
1985,1.0,1.562164424085214,source,1.562164424085214,1.0,Multiplicative,2014,Commercial
1985,1.0,1.5695775704935713,source,1.5695775704935713,1.0,Multiplicative,2015,Commercial
1985,1.0,1.577342756263298,source,1.577342756263298,1.0,Multiplicative,2016,Commercial
1985,1.0,1.5868249144441173,source,1.5868249144441173,1.0,Multiplicative,2017,Commercial
1985,1.0,1.5963984957460728,source,1.5963984957460728,1.0,Multiplicative,2018,Commercial
1985,1.0,1.5932322423377603,source,1.5932322423377603,1.0,Multiplicative,2019,Commercial
1985,0.0,0.0,source,0.0,0.0,Additive,1949,Commercial
1985,0.0,0.0,source,0.0,0.0,Additive,1950,Commercial
1985,0.0,0.0,source,0.0,0.0,Additive,1951,Commercial
1985,0.0,0.0,source,0.0,0.0,Additive,1952,Commercial
1985,0.0,0.0,source,0.0,0.0,Additive,1953,Commercial
1985,0.0,0.0,source,0.0,0.0,Additive,1954,Commercial
1985,0.0,0.0,source,0.0,0.0,Additive,1955,Commercial
1985,0.0,0.0,source,0.0,0.0,Additive,1956,Commercial
1985,0.0,0.0,source,0.0,0.0,Additive,1957,Commercial
1985,0.0,0.0,source,0.0,0.0,Additive,1958,Commercial
1985,0.0,0.0,source,0.0,0.0,Additive,1959,Commercial
1985,0.0,0.0,source,0.0,0.0,Additive,1960,Commercial
1985,0.0,0.0,source,0.0,0.0,Additive,1961,Commercial
1985,0.0,0.0,source,0.0,0.0,Additive,1962,Commercial
1985,0.0,0.0,source,0.0,0.0,Additive,1963,Commercial
1985,0.0,0.0,source,0.0,0.0,Additive,1964,Commercial
1985,0.0,0.0,source,0.0,0.0,Additive,1965,Commercial
1985,0.0,0.0,source,0.0,0.0,Additive,1966,Commercial
1985,0.0,0.0,source,0.0,0.0,Additive,1967,Commercial
1985,0.0,0.0,source,0.0,0.0,Additive,1968,Commercial
1985,0.0,0.0,source,0.0,0.0,Additive,1969,Commercial
1985,0.0,0.0,source,0.0,0.0,Additive,1970,Commercial
1985,0.0,0.0,source,0.0,0.0,Additive,1971,Commercial
1985,0.0,0.0,source,0.0,0.0,Additive,1972,Commercial
1985,0.0,0.0,source,0.0,0.0,Additive,1973,Commercial
1985,0.0,0.0,source,0.0,0.0,Additive,1974,Commercial
1985,0.0,0.0,source,0.0,0.0,Additive,1975,Commercial
1985,0.0,0.0,source,0.0,0.0,Additive,1976,Commercial
1985,0.0,0.0,source,0.0,0.0,Additive,1977,Commercial
1985,0.0,0.0,source,0.0,0.0,Additive,1978,Commercial
1985,0.0,0.0,source,0.0,0.0,Additive,1979,Commercial
1985,0.0,0.0,source,0.0,0.0,Additive,1980,Commercial
1985,0.0,0.0,source,0.0,0.0,Additive,1981,Commercial
1985,0.0,0.0,source,0.0,0.0,Additive,1982,Commercial
1985,0.0,0.0,source,0.0,0.0,Additive,1983,Commercial
1985,0.0,0.0,source,0.0,0.0,Additive,1984,Commercial
1985,0.0,0.0,source,0.0,0.0,Additive,1985,Commercial
1985,0.0,0.027485085078973424,source,0.027485085078973424,0.0,Additive,1986,Commercial
1985,0.0,0.0535707153785267,source,0.0535707153785267,0.0,Additive,1987,Commercial
1985,0.0,0.07863608788459865,source,0.07863608788459865,0.0,Additive,1988,Commercial
1985,0.0,0.10176701355461258,source,0.10176701355461258,0.0,Additive,1989,Commercial
1985,0.0,0.12253360702153283,source,0.12253360702153283,0.0,Additive,1990,Commercial
1985,0.0,0.13908711698178713,source,0.13908711698178713,0.0,Additive,1991,Commercial
1985,0.0,0.1523078008878619,source,0.1523078008878619,0.0,Additive,1992,Commercial
1985,0.0,0.1649058218532084,source,0.1649058218532084,0.0,Additive,1993,Commercial
1985,0.0,0.17866902760292003,source,0.17866902760292003,0.0,Additive,1994,Commercial
1985,0.0,0.1948373491492306,source,0.1948373491492306,0.0,Additive,1995,Commercial
1985,0.0,0.21225318393475623,source,0.21225318393475623,0.0,Additive,1996,Commercial
1985,0.0,0.23114706216598008,source,0.23114706216598008,0.0,Additive,1997,Commercial
1985,0.0,0.2541358724908912,source,0.2541358724908912,0.0,Additive,1998,Commercial
1985,0.0,0.2801628638062558,source,0.2801628638062558,0.0,Additive,1999,Commercial
1985,0.0,0.3065137508636445,source,0.3065137508636445,0.0,Additive,2000,Commercial
1985,0.0,0.3313623474035849,source,0.3313623474035849,0.0,Additive,2001,Commercial
1985,0.0,0.3463550787079588,source,0.3463550787079588,0.0,Additive,2002,Commercial
1985,0.0,0.35903973294301766,source,0.35903973294301766,0.0,Additive,2003,Commercial
1985,0.0,0.3713582670463314,source,0.3713582670463314,0.0,Additive,2004,Commercial
1985,0.0,0.3841558182246283,source,0.3841558182246283,0.0,Additive,2005,Commercial
1985,0.0,0.3977724754980433,source,0.3977724754980433,0.0,Additive,2006,Commercial
1985,0.0,0.4120053366014447,source,0.4120053366014447,0.0,Additive,2007,Commercial
1985,0.0,0.4245963885984693,source,0.4245963885984693,0.0,Additive,2008,Commercial
1985,0.0,0.4336395651243242,source,0.4336395651243242,0.0,Additive,2009,Commercial
1985,0.0,0.4365469731432766,source,0.4365469731432766,0.0,Additive,2010,Commercial
1985,0.0,0.43799655585531505,source,0.43799655585531505,0.0,Additive,2011,Commercial
1985,0.0,0.4394761076557099,source,0.4394761076557099,0.0,Additive,2012,Commercial
1985,0.0,0.4421887460229594,source,0.4421887460229594,0.0,Additive,2013,Commercial
1985,0.0,0.446072310976881,source,0.446072310976881,0.0,Additive,2014,Commercial
1985,0.0,0.45080651977628006,source,0.45080651977628006,0.0,Additive,2015,Commercial
1985,0.0,0.45574163139254775,source,0.45574163139254775,0.0,Additive,2016,Commercial
1985,0.0,0.4617351105961068,source,0.4617351105961068,0.0,Additive,2017,Commercial
1985,,0.4677501519131657,source,0.4677501519131657,0.0,Additive,2018,Commercial
1985,,0.4657648095909263,source,0.4657648095909263,0.0,Additive,2019,Commercial
1985,1.0,0.39612637194101563,source_adj,0.39612637194101563,1.0,Multiplicative,1949,Commercial
1985,1.0,0.404176679805825,source_adj,0.404176679805825,1.0,Multiplicative,1950,Commercial
1985,1.0,0.4108382237854158,source_adj,0.4108382237854158,1.0,Multiplicative,1951,Commercial
1985,1.0,0.41745395882981984,source_adj,0.41745395882981984,1.0,Multiplicative,1952,Commercial
1985,1.0,0.42547868147879764,source_adj,0.42547868147879764,1.0,Multiplicative,1953,Commercial
1985,1.0,0.4350869640668638,source_adj,0.4350869640668638,1.0,Multiplicative,1954,Commercial
1985,1.0,0.44622647749335936,source_adj,0.44622647749335936,1.0,Multiplicative,1955,Commercial
1985,1.0,0.4583407864291298,source_adj,0.4583407864291298,1.0,Multiplicative,1956,Commercial
1985,1.0,0.4704530623526797,source_adj,0.4704530623526797,1.0,Multiplicative,1957,Commercial
1985,1.0,0.48298279869249927,source_adj,0.48298279869249927,1.0,Multiplicative,1958,Commercial
1985,1.0,0.49580852076544535,source_adj,0.49580852076544535,1.0,Multiplicative,1959,Commercial
1985,1.0,0.45504553408468196,source_adj,0.45504553408468196,1.0,Multiplicative,1960,Commercial
1985,1.0,0.4705319039570099,source_adj,0.4705319039570099,1.0,Multiplicative,1961,Commercial
1985,1.0,0.4865565889015577,source_adj,0.4865565889015577,1.0,Multiplicative,1962,Commercial
1985,1.0,0.5036057464697961,source_adj,0.5036057464697961,1.0,Multiplicative,1963,Commercial
1985,1.0,0.5216309500358063,source_adj,0.5216309500358063,1.0,Multiplicative,1964,Commercial
1985,1.0,0.5409699380887331,source_adj,0.5409699380887331,1.0,Multiplicative,1965,Commercial
1985,1.0,0.5622868874937595,source_adj,0.5622868874937595,1.0,Multiplicative,1966,Commercial
1985,1.0,0.5839895728752321,source_adj,0.5839895728752321,1.0,Multiplicative,1967,Commercial
1985,1.0,0.6061523578448651,source_adj,0.6061523578448651,1.0,Multiplicative,1968,Commercial
1985,1.0,0.6304688100297915,source_adj,0.6304688100297915,1.0,Multiplicative,1969,Commercial
1985,1.0,0.6549086206496747,source_adj,0.6549086206496747,1.0,Multiplicative,1970,Commercial
1985,1.0,0.6780907541463448,source_adj,0.6780907541463448,1.0,Multiplicative,1971,Commercial
1985,1.0,0.7028233050314986,source_adj,0.7028233050314986,1.0,Multiplicative,1972,Commercial
1985,1.0,0.7299517729346907,source_adj,0.7299517729346907,1.0,Multiplicative,1973,Commercial
1985,1.0,0.7570726135818528,source_adj,0.7570726135818528,1.0,Multiplicative,1974,Commercial
1985,1.0,0.7792788953725515,source_adj,0.7792788953725515,1.0,Multiplicative,1975,Commercial
1985,1.0,0.7975896713249112,source_adj,0.7975896713249112,1.0,Multiplicative,1976,Commercial
1985,1.0,0.8175218663695809,source_adj,0.8175218663695809,1.0,Multiplicative,1977,Commercial
1985,1.0,0.8413675187396998,source_adj,0.8413675187396998,1.0,Multiplicative,1978,Commercial
1985,1.0,0.8685756390442055,source_adj,0.8685756390442055,1.0,Multiplicative,1979,Commercial
1985,1.0,0.8942823371063844,source_adj,0.8942823371063844,1.0,Multiplicative,1980,Commercial
1985,1.0,0.9158626103058041,source_adj,0.9158626103058041,1.0,Multiplicative,1981,Commercial
1985,1.0,0.9353134528655404,source_adj,0.9353134528655404,1.0,Multiplicative,1982,Commercial
1985,1.0,0.9529567435002868,source_adj,0.9529567435002868,1.0,Multiplicative,1983,Commercial
1985,1.0,0.9741164021874931,source_adj,0.9741164021874931,1.0,Multiplicative,1984,Commercial
1985,1.0,1.0,source_adj,1.0,1.0,Multiplicative,1985,Commercial
1985,1.0,1.0278662844484667,source_adj,1.0278662844484667,1.0,Multiplicative,1986,Commercial
1985,1.0,1.0550315960883987,source_adj,1.0550315960883987,1.0,Multiplicative,1987,Commercial
1985,1.0,1.0818105664567381,source_adj,1.0818105664567381,1.0,Multiplicative,1988,Commercial
1985,1.0,1.107125496442714,source_adj,1.107125496442714,1.0,Multiplicative,1989,Commercial
1985,1.0,1.1303571073713348,source_adj,1.1303571073713348,1.0,Multiplicative,1990,Commercial
1985,1.0,1.149224212587586,source_adj,1.149224212587586,1.0,Multiplicative,1991,Commercial
1985,1.0,1.1645186211392355,source_adj,1.1645186211392355,1.0,Multiplicative,1992,Commercial
1985,1.0,1.1792820508832946,source_adj,1.1792820508832946,1.0,Multiplicative,1993,Commercial
1985,1.0,1.1956249598156896,source_adj,1.1956249598156896,1.0,Multiplicative,1994,Commercial
1985,1.0,1.215113331198665,source_adj,1.215113331198665,1.0,Multiplicative,1995,Commercial
1985,1.0,1.2364608974871727,source_adj,1.2364608974871727,1.0,Multiplicative,1996,Commercial
1985,1.0,1.2600445307021473,source_adj,1.2600445307021473,1.0,Multiplicative,1997,Commercial
1985,1.0,1.2893469791524912,source_adj,1.2893469791524912,1.0,Multiplicative,1998,Commercial
1985,1.0,1.3233453198435547,source_adj,1.3233453198435547,1.0,Multiplicative,1999,Commercial
1985,1.0,1.3586801503742807,source_adj,1.3586801503742807,1.0,Multiplicative,2000,Commercial
1985,1.0,1.39286440168022,source_adj,1.39286440168022,1.0,Multiplicative,2001,Commercial
1985,1.0,1.4139045741044032,source_adj,1.4139045741044032,1.0,Multiplicative,2002,Commercial
1985,1.0,1.4319536961759702,source_adj,1.4319536961759702,1.0,Multiplicative,2003,Commercial
1985,1.0,1.4497023609421953,source_adj,1.4497023609421953,1.0,Multiplicative,2004,Commercial
1985,1.0,1.46837422332192,source_adj,1.46837422332192,1.0,Multiplicative,2005,Commercial
1985,1.0,1.4885053199447507,source_adj,1.4885053199447507,1.0,Multiplicative,2006,Commercial
1985,1.0,1.5098424937348787,source_adj,1.5098424937348787,1.0,Multiplicative,2007,Commercial
1985,1.0,1.5289731841003649,source_adj,1.5289731841003649,1.0,Multiplicative,2008,Commercial
1985,1.0,1.5428626663719167,source_adj,1.5428626663719167,1.0,Multiplicative,2009,Commercial
1985,1.0,1.547354924910088,source_adj,1.547354924910088,1.0,Multiplicative,2010,Commercial
1985,1.0,1.5495995703651941,source_adj,1.5495995703651941,1.0,Multiplicative,2011,Commercial
1985,1.0,1.5518939801299156,source_adj,1.5518939801299156,1.0,Multiplicative,2012,Commercial
1985,1.0,1.5561094221823315,source_adj,1.5561094221823315,1.0,Multiplicative,2013,Commercial
1985,1.0,1.562164424085214,source_adj,1.562164424085214,1.0,Multiplicative,2014,Commercial
1985,1.0,1.5695775704935713,source_adj,1.5695775704935713,1.0,Multiplicative,2015,Commercial
1985,1.0,1.577342756263298,source_adj,1.577342756263298,1.0,Multiplicative,2016,Commercial
1985,1.0,1.5868249144441173,source_adj,1.5868249144441173,1.0,Multiplicative,2017,Commercial
1985,1.0,1.5963984957460728,source_adj,1.5963984957460728,1.0,Multiplicative,2018,Commercial
1985,1.0,1.5932322423377603,source_adj,1.5932322423377603,1.0,Multiplicative,2019,Commercial
1985,0.0,0.0,source_adj,0.0,0.0,Additive,1949,Commercial
1985,0.0,0.0,source_adj,0.0,0.0,Additive,1950,Commercial
1985,0.0,0.0,source_adj,0.0,0.0,Additive,1951,Commercial
1985,0.0,0.0,source_adj,0.0,0.0,Additive,1952,Commercial
1985,0.0,0.0,source_adj,0.0,0.0,Additive,1953,Commercial
1985,0.0,0.0,source_adj,0.0,0.0,Additive,1954,Commercial
1985,0.0,0.0,source_adj,0.0,0.0,Additive,1955,Commercial
1985,0.0,0.0,source_adj,0.0,0.0,Additive,1956,Commercial
1985,0.0,0.0,source_adj,0.0,0.0,Additive,1957,Commercial
1985,0.0,0.0,source_adj,0.0,0.0,Additive,1958,Commercial
1985,0.0,0.0,source_adj,0.0,0.0,Additive,1959,Commercial
1985,0.0,0.0,source_adj,0.0,0.0,Additive,1960,Commercial
1985,0.0,0.0,source_adj,0.0,0.0,Additive,1961,Commercial
1985,0.0,0.0,source_adj,0.0,0.0,Additive,1962,Commercial
1985,0.0,0.0,source_adj,0.0,0.0,Additive,1963,Commercial
1985,0.0,0.0,source_adj,0.0,0.0,Additive,1964,Commercial
1985,0.0,0.0,source_adj,0.0,0.0,Additive,1965,Commercial
1985,0.0,0.0,source_adj,0.0,0.0,Additive,1966,Commercial
1985,0.0,0.0,source_adj,0.0,0.0,Additive,1967,Commercial
1985,0.0,0.0,source_adj,0.0,0.0,Additive,1968,Commercial
1985,0.0,0.0,source_adj,0.0,0.0,Additive,1969,Commercial
1985,0.0,0.0,source_adj,0.0,0.0,Additive,1970,Commercial
1985,0.0,0.0,source_adj,0.0,0.0,Additive,1971,Commercial
1985,0.0,0.0,source_adj,0.0,0.0,Additive,1972,Commercial
1985,0.0,0.0,source_adj,0.0,0.0,Additive,1973,Commercial
1985,0.0,0.0,source_adj,0.0,0.0,Additive,1974,Commercial
1985,0.0,0.0,source_adj,0.0,0.0,Additive,1975,Commercial
1985,0.0,0.0,source_adj,0.0,0.0,Additive,1976,Commercial
1985,0.0,0.0,source_adj,0.0,0.0,Additive,1977,Commercial
1985,0.0,0.0,source_adj,0.0,0.0,Additive,1978,Commercial
1985,0.0,0.0,source_adj,0.0,0.0,Additive,1979,Commercial
1985,0.0,0.0,source_adj,0.0,0.0,Additive,1980,Commercial
1985,0.0,0.0,source_adj,0.0,0.0,Additive,1981,Commercial
1985,0.0,0.0,source_adj,0.0,0.0,Additive,1982,Commercial
1985,0.0,0.0,source_adj,0.0,0.0,Additive,1983,Commercial
1985,0.0,0.0,source_adj,0.0,0.0,Additive,1984,Commercial
1985,0.0,0.0,source_adj,0.0,0.0,Additive,1985,Commercial
1985,0.0,0.027485085078973424,source_adj,0.027485085078973424,0.0,Additive,1986,Commercial
1985,0.0,0.0535707153785267,source_adj,0.0535707153785267,0.0,Additive,1987,Commercial
1985,0.0,0.07863608788459865,source_adj,0.07863608788459865,0.0,Additive,1988,Commercial
1985,0.0,0.10176701355461258,source_adj,0.10176701355461258,0.0,Additive,1989,Commercial
1985,0.0,0.12253360702153283,source_adj,0.12253360702153283,0.0,Additive,1990,Commercial
1985,0.0,0.13908711698178713,source_adj,0.13908711698178713,0.0,Additive,1991,Commercial
1985,0.0,0.1523078008878619,source_adj,0.1523078008878619,0.0,Additive,1992,Commercial
1985,0.0,0.1649058218532084,source_adj,0.1649058218532084,0.0,Additive,1993,Commercial
1985,0.0,0.17866902760292003,source_adj,0.17866902760292003,0.0,Additive,1994,Commercial
1985,0.0,0.1948373491492306,source_adj,0.1948373491492306,0.0,Additive,1995,Commercial
1985,0.0,0.21225318393475623,source_adj,0.21225318393475623,0.0,Additive,1996,Commercial
1985,0.0,0.23114706216598008,source_adj,0.23114706216598008,0.0,Additive,1997,Commercial
1985,0.0,0.2541358724908912,source_adj,0.2541358724908912,0.0,Additive,1998,Commercial
1985,0.0,0.2801628638062558,source_adj,0.2801628638062558,0.0,Additive,1999,Commercial
1985,0.0,0.3065137508636445,source_adj,0.3065137508636445,0.0,Additive,2000,Commercial
1985,0.0,0.3313623474035849,source_adj,0.3313623474035849,0.0,Additive,2001,Commercial
1985,0.0,0.3463550787079588,source_adj,0.3463550787079588,0.0,Additive,2002,Commercial
1985,0.0,0.35903973294301766,source_adj,0.35903973294301766,0.0,Additive,2003,Commercial
1985,0.0,0.3713582670463314,source_adj,0.3713582670463314,0.0,Additive,2004,Commercial
1985,0.0,0.3841558182246283,source_adj,0.3841558182246283,0.0,Additive,2005,Commercial
1985,0.0,0.3977724754980433,source_adj,0.3977724754980433,0.0,Additive,2006,Commercial
1985,0.0,0.4120053366014447,source_adj,0.4120053366014447,0.0,Additive,2007,Commercial
1985,0.0,0.4245963885984693,source_adj,0.4245963885984693,0.0,Additive,2008,Commercial
1985,0.0,0.4336395651243242,source_adj,0.4336395651243242,0.0,Additive,2009,Commercial
1985,0.0,0.4365469731432766,source_adj,0.4365469731432766,0.0,Additive,2010,Commercial
1985,0.0,0.43799655585531505,source_adj,0.43799655585531505,0.0,Additive,2011,Commercial
1985,0.0,0.4394761076557099,source_adj,0.4394761076557099,0.0,Additive,2012,Commercial
1985,0.0,0.4421887460229594,source_adj,0.4421887460229594,0.0,Additive,2013,Commercial
1985,0.0,0.446072310976881,source_adj,0.446072310976881,0.0,Additive,2014,Commercial
1985,0.0,0.45080651977628006,source_adj,0.45080651977628006,0.0,Additive,2015,Commercial
1985,0.0,0.45574163139254775,source_adj,0.45574163139254775,0.0,Additive,2016,Commercial
1985,0.0,0.4617351105961068,source_adj,0.4617351105961068,0.0,Additive,2017,Commercial
1985,,0.4677501519131657,source_adj,0.4677501519131657,0.0,Additive,2018,Commercial
1985,,0.4657648095909263,source_adj,0.4657648095909263,0.0,Additive,2019,Commercial
