@timeseries|Year,@filter|Model,@filter|Measure|Intensity,@filter|Measure|Activity,@filter|Measure|Structure,@filter|EnergyType,@filter|Measure|BaseYear,@filter|Measure|Effect,@filter|Sector,total_structure,lower_level,@filter|Measure|LowerLevelStructure
1949,Multiplicative,inf,0.5406475057231908,1.0076849950938185,deliv,1985,inf,Transportation,1.0076849950938185,All_Passenger,
1950,Multiplicative,inf,0.5406475057231908,1.0076849950938185,deliv,1985,inf,Transportation,1.0076849950938185,All_Passenger,
1951,Multiplicative,inf,0.5406475057231908,1.0076849950938185,deliv,1985,inf,Transportation,1.0076849950938185,All_Passenger,
1952,Multiplicative,inf,0.5406475057231908,1.0076849950938185,deliv,1985,inf,Transportation,1.0076849950938185,All_Passenger,
1953,Multiplicative,inf,0.5406475057231908,1.0076849950938185,deliv,1985,inf,Transportation,1.0076849950938185,All_Passenger,
1954,Multiplicative,inf,0.5406475057231908,1.0076849950938185,deliv,1985,inf,Transportation,1.0076849950938185,All_Passenger,
1955,Multiplicative,inf,0.5406475057231908,1.0076849950938185,deliv,1985,inf,Transportation,1.0076849950938185,All_Passenger,
1956,Multiplicative,inf,0.5406475057231908,1.0076849950938185,deliv,1985,inf,Transportation,1.0076849950938185,All_Passenger,
1957,Multiplicative,inf,0.5406475057231908,1.0076849950938185,deliv,1985,inf,Transportation,1.0076849950938185,All_Passenger,
1958,Multiplicative,inf,0.5406475057231908,1.0076849950938185,deliv,1985,inf,Transportation,1.0076849950938185,All_Passenger,
1959,Multiplicative,inf,0.5406475057231908,1.0076849950938185,deliv,1985,inf,Transportation,1.0076849950938185,All_Passenger,
1960,Multiplicative,inf,0.5406475057231908,1.0076849950938185,deliv,1985,inf,Transportation,1.0076849950938185,All_Passenger,
1961,Multiplicative,inf,0.5406475057231908,1.0076849950938185,deliv,1985,inf,Transportation,1.0076849950938185,All_Passenger,
1962,Multiplicative,inf,0.5406475057231908,1.0076849950938185,deliv,1985,inf,Transportation,1.0076849950938185,All_Passenger,
1963,Multiplicative,inf,0.5406475057231908,1.0076849950938185,deliv,1985,inf,Transportation,1.0076849950938185,All_Passenger,
1964,Multiplicative,inf,0.5406475057231908,1.0076849950938185,deliv,1985,inf,Transportation,1.0076849950938185,All_Passenger,
1965,Multiplicative,inf,0.5406475057231908,1.0076849950938185,deliv,1985,inf,Transportation,1.0076849950938185,All_Passenger,
1966,Multiplicative,,0.5406475057231908,1.0076849950938185,deliv,1985,0.5448023791521587,Transportation,1.0076849950938185,All_Passenger,
1967,Multiplicative,,0.5629791705664297,1.0076849950938185,deliv,1985,0.5673056627301547,Transportation,1.0076849950938185,All_Passenger,
1968,Multiplicative,,0.5930846061152224,1.0076849950938185,deliv,1985,0.5976424584034371,Transportation,1.0076849950938185,All_Passenger,
1969,Multiplicative,,0.6201876146776772,1.0076849950938185,deliv,1985,0.6249537534537222,Transportation,1.0076849950938185,All_Passenger,
1970,Multiplicative,,0.680258592451313,0.9999416019218771,deliv,1985,0.6802188666568872,Transportation,0.9999416019218771,All_Passenger,
1971,Multiplicative,,0.7203004240757256,1.0001691618374178,deliv,1985,0.720422271418955,Transportation,1.0001691618374178,All_Passenger,
1972,Multiplicative,,0.7671235567260098,1.000202437193245,deliv,1985,0.7672788510657056,Transportation,1.000202437193245,All_Passenger,
1973,Multiplicative,,0.7956927538758326,1.0001755489122373,deliv,1985,0.7958324368732506,Transportation,1.0001755489122373,All_Passenger,
1974,Multiplicative,,0.7764807399806188,1.0000914457303562,deliv,1985,0.7765517458289939,Transportation,1.0000914457303562,All_Passenger,
1975,Multiplicative,,0.8031337017611903,1.0002794580329846,deliv,1985,0.803358143925708,Transportation,1.0002794580329846,All_Passenger,
1976,Multiplicative,,0.8468716882100511,1.0002506244029306,deliv,1985,0.8470839349212675,Transportation,1.0002506244029306,All_Passenger,
1977,Multiplicative,,0.8831932069652647,0.9999033701475767,deliv,1985,0.8831078641360144,Transportation,0.9999033701475767,All_Passenger,
1978,Multiplicative,,0.9197949117445184,0.9999355667211771,deliv,1985,0.9197356463425101,Transportation,0.9999355667211771,All_Passenger,
1979,Multiplicative,,0.9057110136350588,0.9996507040585745,deliv,1985,0.9053946524538917,Transportation,0.9996507040585745,All_Passenger,
1980,Multiplicative,,0.9002515698643944,0.9997849868174838,deliv,1985,0.9000580039092927,Transportation,0.9997849868174838,All_Passenger,
1981,Multiplicative,,0.9128269312752079,0.9998658632321636,deliv,1985,0.9127044876210526,Transportation,0.9998658632321636,All_Passenger,
1982,Multiplicative,,0.9306383559283803,1.0000136269541784,deliv,1985,0.9306510376946132,Transportation,1.0000136269541784,All_Passenger,
1983,Multiplicative,,0.9600395023755344,1.0000166961622656,deliv,1985,0.9600555313508474,Transportation,1.0000166961622656,All_Passenger,
1984,Multiplicative,,0.9830124674073512,1.0000548639566345,deliv,1985,0.9830663993607341,Transportation,1.0000548639566345,All_Passenger,
1985,Multiplicative,,1.0,1.0,deliv,1985,1.0,Transportation,1.0,All_Passenger,
1986,Multiplicative,,1.0179630266790598,0.9999753236572365,deliv,1985,1.017937907074493,Transportation,0.9999753236572365,All_Passenger,
1987,Multiplicative,,1.0473411782177875,0.9999395466186778,deliv,1985,1.0472778629021662,Transportation,0.9999395466186778,All_Passenger,
1988,Multiplicative,,1.0876529162762893,0.9999635308283399,deliv,1985,1.087613250475379,Transportation,0.9999635308283399,All_Passenger,
1989,Multiplicative,,1.1076284539039232,0.9999009103108084,deliv,1985,1.1075186993446862,Transportation,0.9999009103108084,All_Passenger,
1990,Multiplicative,,1.1138565553818256,0.9999474704761439,deliv,1985,1.1137980450273273,Transportation,0.9999474704761439,All_Passenger,
1991,Multiplicative,,1.1256581852643945,0.9999947698636243,deliv,1985,1.1256522979185732,Transportation,0.9999947698636243,All_Passenger,
1992,Multiplicative,,1.1607167133833969,1.0000449066908814,deliv,1985,1.1607688373300458,Transportation,1.0000449066908814,All_Passenger,
1993,Multiplicative,,1.1802608318863823,1.0001223867346654,deliv,1985,1.1804052801556504,Transportation,1.0001223867346654,All_Passenger,
1994,Multiplicative,,1.2044151532841214,1.000070717115845,deliv,1985,1.2045003260500415,Transportation,1.000070717115845,All_Passenger,
1995,Multiplicative,,1.2309002500051878,1.0001187860531873,deliv,1985,1.2310464637877532,Transportation,1.0001187860531873,All_Passenger,
1996,Multiplicative,,1.4032565591187003,1.0001187860531873,deliv,1985,1.4034232464269671,Transportation,1.0001187860531873,All_Passenger,
1997,Multiplicative,,1.4484714343175988,1.000474898796495,deliv,1985,1.4491593116585137,Transportation,1.000474898796495,All_Passenger,
1998,Multiplicative,,1.490588868822119,1.0003069521505525,deliv,1985,1.4910464082809936,Transportation,1.0003069521505525,All_Passenger,
1999,Multiplicative,,1.5315499686269005,1.0008739960443578,deliv,1985,1.5328885372412167,Transportation,1.0008739960443578,All_Passenger,
2000,Multiplicative,,1.5750113891777449,1.0014364467773476,deliv,1985,1.5772738092120149,Transportation,1.0014364467773476,All_Passenger,
2001,Multiplicative,,1.5978705963706448,0.9999109552827344,deliv,1985,1.597728314435164,Transportation,0.9999109552827344,All_Passenger,
2002,Multiplicative,,1.6317500551810937,0.999589102923013,deliv,1985,1.6310795738530464,Transportation,0.999589102923013,All_Passenger,
2003,Multiplicative,,1.6644328966751765,0.9998452348339099,deliv,1985,1.6641753004414765,Transportation,0.9998452348339099,All_Passenger,
2004,Multiplicative,,1.7264415894740115,0.9998840138575942,deliv,1985,1.7262413461739594,Transportation,0.9998840138575942,All_Passenger,
2005,Multiplicative,,1.75282538719458,0.9998975359942273,deliv,1985,1.7526457856839879,Transportation,0.9998975359942273,All_Passenger,
2006,Multiplicative,,1.7774206178440033,0.9998308423446746,deliv,1985,1.7771199535397617,Transportation,0.9998308423446746,All_Passenger,
2007,Multiplicative,,3.232505319342588,0.9990925388450519,deliv,1985,3.2295719463321215,Transportation,0.9990925388450519,All_Passenger,
2008,Multiplicative,,3.146760413663922,0.9989958666987677,deliv,1985,3.1436006467415623,Transportation,0.9989958666987677,All_Passenger,
2009,Multiplicative,,3.1268341626613205,0.9976988689913597,deliv,1985,3.119638907610745,Transportation,0.9976988689913597,All_Passenger,
2010,Multiplicative,,1.6691533546483182,1.0194726902781843,deliv,1985,1.7016562609501773,Transportation,1.0194726902781843,All_Passenger,
2011,Multiplicative,,1.6721153808659335,1.0193846866128407,deliv,1985,1.7045288135045302,Transportation,1.0193846866128407,All_Passenger,
2012,Multiplicative,,1.493987601669313,0.0,deliv,1985,0.0,Transportation,0.0,All_Passenger,
2013,Multiplicative,,1.4974444091052328,0.0,deliv,1985,0.0,Transportation,0.0,All_Passenger,
2014,Multiplicative,,1.517353306592722,0.0,deliv,1985,0.0,Transportation,0.0,All_Passenger,
2015,Multiplicative,,1.5537535946384682,0.0,deliv,1985,0.0,Transportation,0.0,All_Passenger,
2016,Multiplicative,,1.5796583446221728,0.0,deliv,1985,0.0,Transportation,0.0,All_Passenger,
2017,Multiplicative,,1.591909404016821,0.0,deliv,1985,0.0,Transportation,0.0,All_Passenger,
1949,Additive,0.0,0.0,0.0,deliv,1985,0.0,Transportation,0.0,All_Passenger,
1950,Additive,0.0,0.0,0.0,deliv,1985,0.0,Transportation,0.0,All_Passenger,
1951,Additive,0.0,0.0,0.0,deliv,1985,0.0,Transportation,0.0,All_Passenger,
1952,Additive,0.0,0.0,0.0,deliv,1985,0.0,Transportation,0.0,All_Passenger,
1953,Additive,0.0,0.0,0.0,deliv,1985,0.0,Transportation,0.0,All_Passenger,
1954,Additive,0.0,0.0,0.0,deliv,1985,0.0,Transportation,0.0,All_Passenger,
1955,Additive,0.0,0.0,0.0,deliv,1985,0.0,Transportation,0.0,All_Passenger,
1956,Additive,0.0,0.0,0.0,deliv,1985,0.0,Transportation,0.0,All_Passenger,
1957,Additive,0.0,0.0,0.0,deliv,1985,0.0,Transportation,0.0,All_Passenger,
1958,Additive,0.0,0.0,0.0,deliv,1985,0.0,Transportation,0.0,All_Passenger,
1959,Additive,0.0,0.0,0.0,deliv,1985,0.0,Transportation,0.0,All_Passenger,
1960,Additive,0.0,0.0,0.0,deliv,1985,0.0,Transportation,0.0,All_Passenger,
1961,Additive,0.0,0.0,0.0,deliv,1985,0.0,Transportation,0.0,All_Passenger,
1962,Additive,0.0,0.0,0.0,deliv,1985,0.0,Transportation,0.0,All_Passenger,
1963,Additive,0.0,0.0,0.0,deliv,1985,0.0,Transportation,0.0,All_Passenger,
1964,Additive,0.0,0.0,0.0,deliv,1985,0.0,Transportation,0.0,All_Passenger,
1965,Additive,0.0,0.0,0.0,deliv,1985,0.0,Transportation,0.0,All_Passenger,
1966,Additive,0.0,0.0,0.0,deliv,1985,0.0,Transportation,0.0,All_Passenger,
1967,Additive,0.0,0.0,0.0,deliv,1985,0.0,Transportation,0.0,All_Passenger,
1968,Additive,0.0,0.0,0.0,deliv,1985,0.0,Transportation,0.0,All_Passenger,
1969,Additive,0.0,0.0,0.0,deliv,1985,0.0,Transportation,0.0,All_Passenger,
1970,Additive,0.0,0.0,0.0,deliv,1985,0.0,Transportation,0.0,All_Passenger,
1971,Additive,0.0,0.0,0.0,deliv,1985,0.0,Transportation,0.0,All_Passenger,
1972,Additive,0.0,0.0,0.0,deliv,1985,0.0,Transportation,0.0,All_Passenger,
1973,Additive,0.0,0.0,0.0,deliv,1985,0.0,Transportation,0.0,All_Passenger,
1974,Additive,0.0,0.0,0.0,deliv,1985,0.0,Transportation,0.0,All_Passenger,
1975,Additive,0.0,0.0,0.0,deliv,1985,0.0,Transportation,0.0,All_Passenger,
1976,Additive,0.0,0.0,0.0,deliv,1985,0.0,Transportation,0.0,All_Passenger,
1977,Additive,0.0,0.0,0.0,deliv,1985,0.0,Transportation,0.0,All_Passenger,
1978,Additive,0.0,0.0,0.0,deliv,1985,0.0,Transportation,0.0,All_Passenger,
1979,Additive,0.0,0.0,0.0,deliv,1985,0.0,Transportation,0.0,All_Passenger,
1980,Additive,0.0,0.0,0.0,deliv,1985,0.0,Transportation,0.0,All_Passenger,
1981,Additive,0.0,0.0,0.0,deliv,1985,0.0,Transportation,0.0,All_Passenger,
1982,Additive,0.0,0.0,0.0,deliv,1985,0.0,Transportation,0.0,All_Passenger,
1983,Additive,0.0,0.0,0.0,deliv,1985,0.0,Transportation,0.0,All_Passenger,
1984,Additive,0.0,0.0,0.0,deliv,1985,0.0,Transportation,0.0,All_Passenger,
1985,Additive,0.0,0.0,0.0,deliv,1985,0.0,Transportation,0.0,All_Passenger,
1986,Additive,201.08860371491966,0.01780359790005596,-0.35434895375175257,deliv,1985,200.75205835906797,Transportation,-0.35434895375175257,All_Passenger,
1987,Additive,42.374171404564095,0.04625474147888467,-0.8830007658126324,deliv,1985,41.53742538023036,Transportation,-0.8830007658126324,All_Passenger,
1988,Additive,-198.64532013557144,0.08402208676351974,-0.521154080188473,deliv,1985,-199.08245212899638,Transportation,-0.521154080188473,All_Passenger,
1989,Additive,-284.44818344381326,0.10222120167765571,-1.4815924351605139,deliv,1985,-285.82755467729606,Transportation,-1.4815924351605139,All_Passenger,
1990,Additive,-613.6242668238417,0.10782836784771632,-0.7665929725011476,deliv,1985,-614.2830314284951,Transportation,-0.7665929725011476,All_Passenger,
1991,Additive,-1082.5554627982592,0.11836791814761798,-0.055334103525366274,deliv,1985,-1082.492428983637,Transportation,-0.055334103525366274,All_Passenger,
1992,Additive,-1003.5295320209024,0.1490376706886115,0.7012460020315325,deliv,1985,-1002.6792483481822,Transportation,0.7012460020315325,All_Passenger,
1993,Additive,-791.2309497440804,0.16573545802246445,1.9105497274991188,deliv,1985,-789.1546645585588,Transportation,1.9105497274991188,All_Passenger,
1994,Additive,-809.63224240177,0.18599409915051293,1.0841888669646345,deliv,1985,-808.3620594356549,Transportation,1.0841888669646345,All_Passenger,
1995,Additive,-919.4798427186544,0.207745812241727,1.8670791421786554,deliv,1985,-917.4050177642341,Transportation,1.8670791421786554,All_Passenger,
1996,Additive,-959.5994872567584,0.33879564906313314,inf,deliv,1985,inf,Transportation,inf,All_Passenger,
1997,Additive,-1074.5227356486198,0.3705088171612859,inf,deliv,1985,inf,Transportation,inf,All_Passenger,
1998,Additive,-1159.8728611189154,0.3991712558554718,inf,deliv,1985,inf,Transportation,inf,All_Passenger,
1999,Additive,-1042.1269051303377,0.42628027400420826,inf,deliv,1985,inf,Transportation,inf,All_Passenger,
2000,Additive,-1454.0493032325917,0.4542625034754161,inf,deliv,1985,inf,Transportation,inf,All_Passenger,
2001,Additive,-1681.4177428023802,0.4686718655736864,inf,deliv,1985,inf,Transportation,inf,All_Passenger,
2002,Additive,-1632.9623799651242,0.4896530923503142,inf,deliv,1985,inf,Transportation,inf,All_Passenger,
2003,Additive,-1262.2288600553015,0.5094844628166764,inf,deliv,1985,inf,Transportation,inf,All_Passenger,
2004,Additive,-1496.0328978223995,0.5460624055200349,inf,deliv,1985,inf,Transportation,inf,All_Passenger,
2005,Additive,-2018.197941712739,0.561228992988491,inf,deliv,1985,inf,Transportation,inf,All_Passenger,
2006,Additive,-2269.404246263635,0.5751632222572105,inf,deliv,1985,inf,Transportation,inf,All_Passenger,
2007,Additive,-2262.463536439745,1.173257477244142,inf,deliv,1985,inf,Transportation,inf,All_Passenger,
2008,Additive,-2697.7283604468803,1.146373483523454,inf,deliv,1985,inf,Transportation,inf,All_Passenger,
2009,Additive,-18948.89591926145,1.1400210430627387,inf,deliv,1985,inf,Transportation,inf,All_Passenger,
2010,Additive,-8214.579713010286,0.5123165246097874,inf,deliv,1985,inf,Transportation,inf,All_Passenger,
2011,Additive,-8129.8898680104385,0.514089519976525,inf,deliv,1985,inf,Transportation,inf,All_Passenger,
2012,Additive,-8201.830183589736,0.4014487879274045,,deliv,1985,,Transportation,1.0,All_Passenger,
2013,Additive,-8231.668022047728,0.4037599278511215,,deliv,1985,,Transportation,1.0,All_Passenger,
2014,Additive,-8204.374469490818,0.41696757146519003,,deliv,1985,,Transportation,1.0,All_Passenger,
2015,Additive,-8659.361335003714,0.4406736773644638,,deliv,1985,,Transportation,1.0,All_Passenger,
2016,Additive,-8631.202317071324,0.4572085860752557,,deliv,1985,,Transportation,1.0,All_Passenger,
2017,Additive,-8785.154230074859,0.4649341787783152,,deliv,1985,,Transportation,1.0,All_Passenger,
1949,Multiplicative,inf,0.00967503185170566,0.9000152192516713,deliv,1985,inf,Transportation,0.9000152192516713,All_Freight,
1950,Multiplicative,,0.0448918449775873,0.9000152192516713,deliv,1985,0.04040334370011527,Transportation,0.9000152192516713,All_Freight,
1951,Multiplicative,,0.15853545305857764,0.295529259798368,deliv,1985,0.04685186509420037,Transportation,0.295529259798368,All_Freight,
1952,Multiplicative,,0.05202700997037065,0.9750789376533416,deliv,1985,0.05073044161118883,Transportation,0.9750789376533416,All_Freight,
1953,Multiplicative,,0.057165082862222556,0.9409719393977857,deliv,1985,0.05379073888670068,Transportation,0.9409719393977857,All_Freight,
1954,Multiplicative,,0.05740530844631531,1.0018309643378684,deliv,1985,0.057510415518884854,Transportation,1.0018309643378684,All_Freight,
1955,Multiplicative,,0.16583698725642856,0.3778016866471413,deliv,1985,0.0626534934939592,Transportation,0.3778016866471413,All_Freight,
1956,Multiplicative,,0.06743514993018891,1.014638735463618,deliv,1985,0.06842231525096636,Transportation,1.014638735463618,All_Freight,
1957,Multiplicative,,0.06960805995716429,1.045568690289103,deliv,1985,0.07278000808297763,Transportation,1.045568690289103,All_Freight,
1958,Multiplicative,,0.07091710955009231,1.0675825103346654,deliv,1985,0.07570986583916603,Transportation,1.0675825103346654,All_Freight,
1959,Multiplicative,,0.07751816419658483,1.0747487420011435,deliv,1985,0.08331254945251763,Transportation,1.0747487420011435,All_Freight,
1960,Multiplicative,,0.17663875664535109,0.5030486124013903,deliv,1985,0.08885788142675073,Transportation,0.5030486124013903,All_Freight,
1961,Multiplicative,,0.17833812833643717,0.519372542817228,deliv,1985,0.09262392719536051,Transportation,0.519372542817228,All_Freight,
1962,Multiplicative,,0.2675532875667134,0.36828134209154206,deliv,1985,0.09853488382607352,Transportation,0.36828134209154206,All_Freight,
1963,Multiplicative,,0.28026180283298874,0.3705855848772456,deliv,1985,0.10386098412161442,Transportation,0.3705855848772456,All_Freight,
1964,Multiplicative,,0.2937030501261126,0.3790205648040193,deliv,1985,0.11131949594346238,Transportation,0.3790205648040193,All_Freight,
1965,Multiplicative,,0.30261066666006553,0.37419636554785873,deliv,1985,0.11323581164021111,Transportation,0.37419636554785873,All_Freight,
1966,Multiplicative,,0.5975353230202478,0.9502274017380095,deliv,1985,0.5677944374402123,Transportation,0.9502274017380095,All_Freight,
1967,Multiplicative,,0.6107167192892741,0.9641244133734074,deliv,1985,0.5888068987221032,Transportation,0.9641244133734074,All_Freight,
1968,Multiplicative,,0.6352760846633043,0.9695628539694562,deliv,1985,0.6159400937046952,Transportation,0.9695628539694562,All_Freight,
1969,Multiplicative,,0.6592523398223833,0.9647951510567692,deliv,1985,0.6360434607834649,Transportation,0.9647951510567692,All_Freight,
1970,Multiplicative,,0.7220516447297274,0.9376077866993107,deliv,1985,0.6770012444976367,Transportation,0.9376077866993107,All_Freight,
1971,Multiplicative,,0.7474385426733798,0.9604146016383711,deliv,1985,0.7178508902108187,Transportation,0.9604146016383711,All_Freight,
1972,Multiplicative,,0.7867098931194457,0.9706671722524856,deliv,1985,0.7636334673373075,Transportation,0.9706671722524856,All_Freight,
1973,Multiplicative,,0.819134352305746,0.9750677220233869,deliv,1985,0.7987114669338662,Transportation,0.9750677220233869,All_Freight,
1974,Multiplicative,,0.8055127166052028,0.9706209875557549,deliv,1985,0.7818475484800609,Transportation,0.9706209875557549,All_Freight,
1975,Multiplicative,,0.7888842765359031,0.997821784995595,deliv,1985,0.7871659169680134,Transportation,0.997821784995595,All_Freight,
1976,Multiplicative,,0.835251066830618,1.0062179835311615,deliv,1985,0.8404446442085559,Transportation,1.0062179835311615,All_Freight,
1977,Multiplicative,,0.8700911219387532,1.0156416316227863,deliv,1985,0.883700766746376,Transportation,1.0156416316227863,All_Freight,
1978,Multiplicative,,0.9441049006147719,0.9868078719142378,deliv,1985,0.9316501478394661,Transportation,0.9868078719142378,All_Freight,
1979,Multiplicative,,0.9491052862806059,0.9744549482071412,deliv,1985,0.9248603425856917,Transportation,0.9744549482071412,All_Freight,
1980,Multiplicative,,0.9512611944250255,0.9526018235232757,deliv,1985,0.9061731484562087,Transportation,0.9526018235232757,All_Freight,
1981,Multiplicative,,0.9510149070690725,0.9540000781569661,deliv,1985,0.907268295672335,Transportation,0.9540000781569661,All_Freight,
1982,Multiplicative,,0.9299453984063984,0.9841866333066374,deliv,1985,0.9152398308165929,Transportation,0.9841866333066374,All_Freight,
1983,Multiplicative,,0.9657795596646951,0.9902655524564714,deliv,1985,0.956378229202527,Transportation,0.9902655524564714,All_Freight,
1984,Multiplicative,,0.9978045871176421,0.9893083644668972,deliv,1985,0.9871364241389221,Transportation,0.9893083644668972,All_Freight,
1985,Multiplicative,,1.0,1.0,deliv,1985,1.0,Transportation,1.0,All_Freight,
1986,Multiplicative,,1.006709252473659,1.0144029388788611,deliv,1985,1.021208824305821,Transportation,1.0144029388788611,All_Freight,
1987,Multiplicative,,1.0480545756297022,1.0103134362412556,deliv,1985,1.0588636196728152,Transportation,1.0103134362412556,All_Freight,
1988,Multiplicative,,1.0869490197878926,1.0150995497689432,deliv,1985,1.103361460608484,Transportation,1.0150995497689432,All_Freight,
1989,Multiplicative,,1.0945025075345942,1.027885588990677,deliv,1985,1.1250233546089694,Transportation,1.027885588990677,All_Freight,
1990,Multiplicative,,1.1083586802289767,1.0258845621368495,deliv,1985,1.13704805935728,Transportation,1.0258845621368495,All_Freight,
1991,Multiplicative,,1.1231797997549413,1.0254981482255066,deliv,1985,1.1518188047729876,Transportation,1.0254981482255066,All_Freight,
1992,Multiplicative,,1.153404104544089,1.0284501192156743,deliv,1985,1.1862185888222165,Transportation,1.0284501192156743,All_Freight,
1993,Multiplicative,,1.1698670286059063,1.039022011677703,deliv,1985,1.2155175934575255,Transportation,1.039022011677703,All_Freight,
1994,Multiplicative,,1.2166602740374277,1.034021858200017,deliv,1985,1.2580533173583228,Transportation,1.034021858200017,All_Freight,
1995,Multiplicative,,1.257842931289494,1.0291488901123547,deliv,1985,1.2945076566722535,Transportation,1.0291488901123547,All_Freight,
1996,Multiplicative,,1.2838730931681372,1.036499948242092,deliv,1985,1.3307343946181889,Transportation,1.036499948242092,All_Freight,
1997,Multiplicative,,1.3037899018260273,1.0551326581930367,deliv,1985,1.3756713048389344,Transportation,1.0551326581930367,All_Freight,
1998,Multiplicative,,1.3276023381049629,1.064468245081426,deliv,1985,1.4131905310085877,Transportation,1.064468245081426,All_Freight,
1999,Multiplicative,,1.359186185675507,1.064565753593404,deliv,1985,1.4469430660273905,Transportation,1.064565753593404,All_Freight,
2000,Multiplicative,,1.3862437968373083,1.0692478421859688,deliv,1985,1.4822381885119764,Transportation,1.0692478421859688,All_Freight,
2001,Multiplicative,,1.4054594651511656,1.074790614838848,deliv,1985,1.5105746426808997,Transportation,1.074790614838848,All_Freight,
2002,Multiplicative,,1.4334377648985097,1.0814211707513042,deliv,1985,1.5501499459156791,Transportation,1.0814211707513042,All_Freight,
2003,Multiplicative,,1.4540103177139179,1.0832353812992506,deliv,1985,1.5750354209218802,Transportation,1.0832353812992506,All_Freight,
2004,Multiplicative,,1.5036704007638797,1.0786617718701732,deliv,1985,1.6219517787967,Transportation,1.0786617718701732,All_Freight,
2005,Multiplicative,,1.515532574186888,1.0825824451532269,deliv,1985,1.6406889598726053,Transportation,1.0825824451532269,All_Freight,
2006,Multiplicative,,1.5327829172614609,1.0811764957360206,deliv,1985,1.6572088632087811,Transportation,1.0811764957360206,All_Freight,
2007,Multiplicative,,2.2827006985134135,1.2013548013133788,deliv,1985,2.7423334441204927,Transportation,1.2013548013133788,All_Freight,
2008,Multiplicative,,2.240846737267027,1.1979270860076676,deliv,1985,2.684371002164079,Transportation,1.1979270860076676,All_Freight,
2009,Multiplicative,,2.162963860420228,1.2166344959793127,deliv,1985,2.6315364461438326,Transportation,1.2166344959793127,All_Freight,
2010,Multiplicative,,1.4505428200191348,1.0791874768114138,deliv,1985,1.5654076459433628,Transportation,1.0791874768114138,All_Freight,
2011,Multiplicative,,1.4390575657404234,1.06992479535327,deliv,1985,1.5396833715263973,Transportation,1.06992479535327,All_Freight,
2012,Multiplicative,,1.4386843270953444,1.0739232532763245,deliv,1985,1.5450365529918921,Transportation,1.0739232532763245,All_Freight,
2013,Multiplicative,,1.450512173844086,1.0727308925806056,deliv,1985,1.5560092189468009,Transportation,1.0727308925806056,All_Freight,
2014,Multiplicative,,1.4903011399547048,1.0593335887571327,deliv,1985,1.5787260549170634,Transportation,1.0593335887571327,All_Freight,
2015,Multiplicative,,1.4898885868108072,1.0772183001677798,deliv,1985,1.6049352509237131,Transportation,1.0772183001677798,All_Freight,
2016,Multiplicative,,1.4812257864790348,1.1015381629704633,deliv,1985,1.6316267317825957,Transportation,1.1015381629704633,All_Freight,
2017,Multiplicative,,1.5155979882121715,1.0954166134913805,deliv,1985,1.6602112156617261,Transportation,1.0954166134913805,All_Freight,
1949,Additive,0.0,0.0,0.0,deliv,1985,0.0,Transportation,0.0,All_Freight,
1950,Additive,0.0,0.0,0.0,deliv,1985,0.0,Transportation,0.0,All_Freight,
1951,Additive,0.0,0.0,0.0,deliv,1985,0.0,Transportation,0.0,All_Freight,
1952,Additive,0.0,0.0,0.0,deliv,1985,0.0,Transportation,0.0,All_Freight,
1953,Additive,0.0,0.0,0.0,deliv,1985,0.0,Transportation,0.0,All_Freight,
1954,Additive,0.0,0.0,0.0,deliv,1985,0.0,Transportation,0.0,All_Freight,
1955,Additive,0.0,0.0,0.0,deliv,1985,0.0,Transportation,0.0,All_Freight,
1956,Additive,0.0,0.0,0.0,deliv,1985,0.0,Transportation,0.0,All_Freight,
1957,Additive,0.0,0.0,0.0,deliv,1985,0.0,Transportation,0.0,All_Freight,
1958,Additive,0.0,0.0,0.0,deliv,1985,0.0,Transportation,0.0,All_Freight,
1959,Additive,0.0,0.0,0.0,deliv,1985,0.0,Transportation,0.0,All_Freight,
1960,Additive,0.0,0.0,0.0,deliv,1985,0.0,Transportation,0.0,All_Freight,
1961,Additive,0.0,0.0,0.0,deliv,1985,0.0,Transportation,0.0,All_Freight,
1962,Additive,0.0,0.0,0.0,deliv,1985,0.0,Transportation,0.0,All_Freight,
1963,Additive,0.0,0.0,0.0,deliv,1985,0.0,Transportation,0.0,All_Freight,
1964,Additive,0.0,0.0,0.0,deliv,1985,0.0,Transportation,0.0,All_Freight,
1965,Additive,0.0,0.0,0.0,deliv,1985,0.0,Transportation,0.0,All_Freight,
1966,Additive,0.0,0.0,0.0,deliv,1985,0.0,Transportation,0.0,All_Freight,
1967,Additive,0.0,0.0,0.0,deliv,1985,0.0,Transportation,0.0,All_Freight,
1968,Additive,0.0,0.0,0.0,deliv,1985,0.0,Transportation,0.0,All_Freight,
1969,Additive,0.0,0.0,0.0,deliv,1985,0.0,Transportation,0.0,All_Freight,
1970,Additive,0.0,0.0,0.0,deliv,1985,0.0,Transportation,0.0,All_Freight,
1971,Additive,0.0,0.0,0.0,deliv,1985,0.0,Transportation,0.0,All_Freight,
1972,Additive,0.0,0.0,0.0,deliv,1985,0.0,Transportation,0.0,All_Freight,
1973,Additive,0.0,0.0,0.0,deliv,1985,0.0,Transportation,0.0,All_Freight,
1974,Additive,0.0,0.0,0.0,deliv,1985,0.0,Transportation,0.0,All_Freight,
1975,Additive,0.0,0.0,0.0,deliv,1985,0.0,Transportation,0.0,All_Freight,
1976,Additive,0.0,0.0,0.0,deliv,1985,0.0,Transportation,0.0,All_Freight,
1977,Additive,0.0,0.0,0.0,deliv,1985,0.0,Transportation,0.0,All_Freight,
1978,Additive,0.0,0.0,0.0,deliv,1985,0.0,Transportation,0.0,All_Freight,
1979,Additive,0.0,0.0,0.0,deliv,1985,0.0,Transportation,0.0,All_Freight,
1980,Additive,0.0,0.0,0.0,deliv,1985,0.0,Transportation,0.0,All_Freight,
1981,Additive,0.0,0.0,0.0,deliv,1985,0.0,Transportation,0.0,All_Freight,
1982,Additive,0.0,0.0,0.0,deliv,1985,0.0,Transportation,0.0,All_Freight,
1983,Additive,0.0,0.0,0.0,deliv,1985,0.0,Transportation,0.0,All_Freight,
1984,Additive,0.0,0.0,0.0,deliv,1985,0.0,Transportation,0.0,All_Freight,
1985,Additive,0.0,0.0,0.0,deliv,1985,0.0,Transportation,0.0,All_Freight,
1986,Additive,142.54817576809117,0.006686845605669245,248.5604391728344,deliv,1985,391.11530178653123,Transportation,248.5604391728344,All_Freight,
1987,Additive,-138.19395944216487,0.046935660525483716,176.59268907887395,deliv,1985,38.44566529723454,Transportation,176.59268907887395,All_Freight,
1988,Additive,-513.426159395808,0.08337470712009487,262.5454063064608,deliv,1985,-250.79737838222718,Transportation,262.5454063064608,All_Freight,
1989,Additive,-614.8810258144758,0.09029992901022037,494.1462252873243,deliv,1985,-120.64450059814146,Transportation,494.1462252873243,All_Freight,
1990,Additive,-876.2166734859995,0.10288025455773536,457.901213984339,deliv,1985,-418.2125792471029,Transportation,457.901213984339,All_Freight,
1991,Additive,-1438.5857799437802,0.11616376957902241,450.96593787498676,deliv,1985,-987.5036782992145,Transportation,450.96593787498676,All_Freight,
1992,Additive,-1383.2109476185442,0.1427176608403974,504.2668050788344,deliv,1985,-878.8014248788694,Transportation,504.2668050788344,All_Freight,
1993,Additive,-1258.8718985414807,0.15689009158674458,700.0055109323569,deliv,1985,-558.7094975175371,Transportation,700.0055109323569,All_Freight,
1994,Additive,-1338.5421778057387,0.1961096246966742,604.8193421989604,deliv,1985,-733.5267259820815,Transportation,604.8193421989604,All_Freight,
1995,Additive,-1461.9420351478454,0.22939829459239885,509.10987799697216,deliv,1985,-952.6027588562807,Transportation,509.10987799697216,All_Freight,
1996,Additive,-1544.2321252269555,0.24988136328659524,656.6889997772614,deliv,1985,-887.2932440864073,Transportation,656.6889997772614,All_Freight,
1997,Additive,-1829.4846174344925,0.2652753322919504,1034.2118113898362,deliv,1985,-795.0075307123641,Transportation,1034.2118113898362,All_Freight,
1998,Additive,-1727.54044139656,0.28337456201380584,1225.7242240985368,deliv,1985,-501.532842736009,Transportation,1225.7242240985368,All_Freight,
1999,Additive,-1524.7879320736693,0.306886127753826,1227.802743618767,deliv,1985,-296.6783023271481,Transportation,1227.802743618767,All_Freight,
2000,Additive,-1827.8176448208224,0.3265977848932092,1328.4942027456411,deliv,1985,-498.99684429028747,Transportation,1328.4942027456411,All_Freight,
2001,Additive,-2182.4995097973406,0.3403642707857505,1447.9810662444897,deliv,1985,-734.1780792820643,Transportation,1447.9810662444897,All_Freight,
2002,Additive,-2058.64025475983,0.36007559060882044,1592.6050845000939,deliv,1985,-465.6750946691264,Transportation,1592.6050845000939,All_Freight,
2003,Additive,-2033.1857750476065,0.37432547517550235,1632.980933494824,deliv,1985,-399.83051607760615,Transportation,1632.980933494824,All_Freight,
2004,Additive,-2311.659846456616,0.4079090530828508,1529.2752338610123,deliv,1985,-781.9767035425202,Transportation,1529.2752338610123,All_Freight,
2005,Additive,-2737.018398345721,0.41576691130444887,1618.753559263391,deliv,1985,-1117.8490721710252,Transportation,1618.753559263391,All_Freight,
2006,Additive,-2830.6592675326283,0.42708498337946693,1586.6970767492494,deliv,1985,-1243.5351057999992,Transportation,1586.6970767492494,All_Freight,
2007,Additive,-3139.7968430671203,0.8253592588715629,4970.448019166606,deliv,1985,1831.476535358357,Transportation,4970.448019166606,All_Freight,
2008,Additive,-3577.545132284943,0.806853802148528,4856.421302465689,deliv,1985,1279.6830239828946,Transportation,4856.421302465689,All_Freight,
2009,Additive,-19978.75091471571,0.771479438750077,5322.964477194317,deliv,1985,-14655.014958082644,Transportation,5322.964477194317,All_Freight,
2010,Additive,-7978.095191565708,0.3719378450116588,2632.933474724596,deliv,1985,-5344.789778996099,Transportation,2632.933474724596,All_Freight,
2011,Additive,-7863.2915201966625,0.3639884310942679,2439.1186707210654,deliv,1985,-5423.808861044501,Transportation,2439.1186707210654,All_Freight,
2012,Additive,-7978.622250747701,0.36372903420526875,2522.437501490923,deliv,1985,-5455.821020222572,Transportation,2522.437501490923,All_Freight,
2013,Additive,-8007.6132865352165,0.37191671740455384,2497.5735414080355,deliv,1985,-5509.667828409775,Transportation,2497.5735414080355,All_Freight,
2014,Additive,-7977.38473231963,0.398978206888579,2213.2232543560813,deliv,1985,-5763.762499756659,Transportation,2213.2232543560813,All_Freight,
2015,Additive,-8490.380846670381,0.39870134320917777,2593.866995582414,deliv,1985,-5896.115149744756,Transportation,2593.866995582414,All_Freight,
2016,Additive,-8457.688702733183,0.3928699790868751,3104.4719647825577,deliv,1985,-5352.823867971537,Transportation,3104.4719647825577,All_Freight,
2017,Additive,-8692.130003447584,0.41581007277436716,2975.4074737057153,deliv,1985,-5716.306719669093,Transportation,2975.4074737057153,All_Freight,
1949,Multiplicative,inf,0.006391091559368622,0.9922008082144571,deliv,1985,inf,Transportation,1.4618041336779561,All_Transportation,1.473294641140826
1950,Multiplicative,,0.02965446480366496,0.9922008082144571,deliv,1985,0.043349019232004904,Transportation,1.4618041336779561,All_Transportation,1.473294641140826
1951,Multiplicative,,0.10472467806136797,0.9922008082144571,deliv,1985,0.05066379942060081,Transportation,0.4837809039710025,All_Transportation,0.4875836624660728
1952,Multiplicative,,0.03436778187166415,0.9922008082144571,deliv,1985,0.054442310322269157,Transportation,1.584108934512187,All_Transportation,1.596560818533211
1953,Multiplicative,,0.03776186829885729,0.9922008082144571,deliv,1985,0.0577389187036723,Transportation,1.5290270663175722,All_Transportation,1.5410459794617342
1954,Multiplicative,,0.037920555497656425,0.9922008082144571,deliv,1985,0.06170969025325038,Transportation,1.6273414100451187,All_Transportation,1.6401331228238432
1955,Multiplicative,,0.10954789459414864,0.9922008082144571,deliv,1985,0.06756974831712365,Transportation,0.6168055403296888,All_Transportation,0.621653938621234
1956,Multiplicative,,0.044546025700949766,0.9922008082144571,deliv,1985,0.0734575002656778,Transportation,1.6490247807698726,All_Transportation,1.6619869356258856
1957,Multiplicative,,0.045981397402617245,0.9922008082144571,deliv,1985,0.07812560571793742,Transportation,1.6990698441341963,All_Transportation,1.7124253780762437
1958,Multiplicative,,0.046846123837877736,0.9922008082144571,deliv,1985,0.08126292208258794,Transportation,1.7346776088416151,All_Transportation,1.7483130375224176
1959,Multiplicative,,0.0512066205556939,0.9922008082144571,deliv,1985,0.08942052682021322,Transportation,1.7462688583980401,All_Transportation,1.759995400064819
1960,Multiplicative,,0.11668328166324843,0.9922008082144571,deliv,1985,0.09568772679246162,Transportation,0.8200637265981203,All_Transportation,0.8265098353163903
1961,Multiplicative,,0.11780584541679467,0.9922008082144571,deliv,1985,0.09972957013518749,Transportation,0.8465587576095762,All_Transportation,0.8532131304478827
1962,Multiplicative,,0.1767392174060379,0.9922008082144571,deliv,1985,0.10624767620821753,Transportation,0.6011550677183649,All_Transportation,0.6058804455120234
1963,Multiplicative,,0.18513415459025817,0.9922008082144571,deliv,1985,0.11198785164109314,Transportation,0.6049010885589772,All_Transportation,0.6096559119393825
1964,Multiplicative,,0.1940131167930881,0.9922008082144571,deliv,1985,0.12001969634029197,Transportation,0.6186164024584536,All_Transportation,0.6234790350268936
1965,Multiplicative,,0.1998972723924521,0.9922008082144571,deliv,1985,0.1222785284624063,Transportation,0.6117068382120826,All_Transportation,0.6165151581693395
1966,Multiplicative,,0.5782262191094448,0.9922008082144571,deliv,1985,0.5636442857296249,Transportation,0.9747816115943716,All_Transportation,0.982443879831712
1967,Multiplicative,,0.5945134382963837,0.9955494935186859,deliv,1985,0.5857132491791643,Transportation,0.985197661566008,All_Transportation,0.9896018911966995
1968,Multiplicative,,0.6209552743010217,0.99449527922954,deliv,1985,0.6137368335549827,Transportation,0.9883752646208463,All_Transportation,0.993846109944901
1969,Multiplicative,,0.6459928253444898,0.9925502735811768,deliv,1985,0.6343159474891835,Transportation,0.9819241369297262,All_Transportation,0.9892941073774422
1970,Multiplicative,,0.7078660698995383,0.9924038676893259,deliv,1985,0.6785638502417817,Transportation,0.9586048535114626,All_Transportation,0.9659422788662044
1971,Multiplicative,,0.7382272075080751,0.9955074234363728,deliv,1985,0.7191164908507289,Transportation,0.9741126898833011,All_Transportation,0.978508715204534
1972,Multiplicative,,0.7800618158575261,0.9970640344918035,deliv,1985,0.7654022273471482,Transportation,0.9812071451103366,All_Transportation,0.9840964182510614
1973,Multiplicative,,0.8111777056733934,0.9965691364608216,deliv,1985,0.7974622668707669,Transportation,0.9830919431011227,All_Transportation,0.9864764090451754
1974,Multiplicative,,0.7956585601264466,0.9955826296442898,deliv,1985,0.7794787931352793,Transportation,0.9796649369440631,All_Transportation,0.984011680973267
1975,Multiplicative,,0.7937208768031895,1.0023223476643726,deliv,1985,0.7946655008114943,Transportation,1.0011901211570866,All_Transportation,0.9988703968240115
1976,Multiplicative,,0.8391953873615303,1.001840293868624,deliv,1985,0.8435820113765868,Transportation,1.005227178415325,All_Transportation,1.0033806631330655
1977,Multiplicative,,0.8745382871358992,1.0019704286726514,deliv,1985,0.8835395067511506,Transportation,1.0102925392148698,All_Transportation,1.0083057446647832
1978,Multiplicative,,0.9358535012208549,0.9972369139045261,deliv,1985,0.9263398142864094,Transportation,0.9898342134511069,All_Transportation,0.9925767885743068
1979,Multiplicative,,0.9343762184509996,0.9947686634669815,deliv,1985,0.9161116406300908,Transportation,0.9804526512337957,All_Transportation,0.9856087020440597
1980,Multiplicative,,0.9339472915915055,0.9937775821867919,deliv,1985,0.9034509154795844,Transportation,0.967346790995075,All_Transportation,0.973403715614558
1981,Multiplicative,,0.9380529825695518,0.9954203103990605,deliv,1985,0.9096946979161374,Transportation,0.9697689947365935,All_Transportation,0.9742306687994104
1982,Multiplicative,,0.9301806049837195,1.000041576041656,deliv,1985,0.9220867240989363,Transportation,0.9912985920783364,All_Transportation,0.9912573795202335
1983,Multiplicative,,0.9638312451060327,0.9993183863906604,deliv,1985,0.9580132293888626,Transportation,0.9939636572826293,All_Transportation,0.994641618546246
1984,Multiplicative,,0.9927837831895254,0.998328543693465,deliv,1985,0.9853038224599392,Transportation,0.9924656699109696,All_Transportation,0.9941273102732244
1985,Multiplicative,,1.0,1.0,deliv,1985,1.0,Transportation,1.0,All_Transportation,1.0
1986,Multiplicative,,1.0105290561828804,1.001243414128251,deliv,1985,1.0197275881247871,Transportation,1.0091026892157389,All_Transportation,1.0078495148897741
1987,Multiplicative,,1.0478124312583612,0.9999124194815262,deliv,1985,1.0535984610398479,Transportation,1.0055220091009398,All_Transportation,1.0056100809532122
1988,Multiplicative,,1.0871879393155295,1.000063843265052,deliv,1985,1.0961968557178985,Transportation,1.0082864388727868,All_Transportation,1.008222070683897
1989,Multiplicative,,1.098957771849791,1.0013318701296328,deliv,1985,1.1170567304434296,Transportation,1.016469202964163,All_Transportation,1.0151171986891525
1990,Multiplicative,,1.110224792301104,1.000557743042501,deliv,1985,1.126457575398685,Transportation,1.0146211679023456,All_Transportation,1.0140555854548488
1991,Multiplicative,,1.1240210238624369,1.0002575212891593,deliv,1985,1.1399011798809862,Transportation,1.0141279884285268,All_Transportation,1.0138668961184023
1992,Multiplicative,,1.1558861812108725,1.0007029913948835,deliv,1985,1.1746253510584408,Transportation,1.0162119507544745,All_Transportation,1.015498064353713
1993,Multiplicative,,1.1733949373411487,1.000976202954977,deliv,1985,1.1995226744979723,Transportation,1.0222667887216454,All_Transportation,1.0212698221034793
1994,Multiplicative,,1.2125039832837985,0.9989207494212878,deliv,1985,1.2336375040916767,Transportation,1.0174296506232026,All_Transportation,1.0185288985263723
1995,Multiplicative,,1.2486979322849145,0.9976569179767742,deliv,1985,1.2655634529208097,Transportation,1.013506485595787,All_Transportation,1.0158867916749932
1996,Multiplicative,,1.3243947348622458,1.008523176521616,deliv,1985,1.3622729662051092,Transportation,1.0286004091875247,All_Transportation,1.019907557043116
1997,Multiplicative,,1.3528983204223326,1.009910385131796,deliv,1985,1.4075583916253742,Transportation,1.04040220198217,All_Transportation,1.0301925965900376
1998,Multiplicative,,1.3829239167347989,1.01077102793674,deliv,1985,1.4469690591542559,Transportation,1.0463113998134281,All_Transportation,1.0351616448180512
1999,Multiplicative,,1.4176906309785922,1.011055902850534,deliv,1985,1.484213334266401,Transportation,1.046923286247501,All_Transportation,1.0354751733270573
2000,Multiplicative,,1.4503160926060223,1.011691335462786,deliv,1985,1.5234178425895626,Transportation,1.05040401217102,All_Transportation,1.0382653042002437
2001,Multiplicative,,1.470768466319405,1.0117390378928666,deliv,1985,1.5483938363565701,Transportation,1.0527787832108086,All_Transportation,1.040563568055469
2002,Multiplicative,,1.5007497624719137,1.0118296998973941,deliv,1985,1.5853314204765347,Transportation,1.056359601127176,All_Transportation,1.0440092846002618
2003,Multiplicative,,1.5254328407670619,1.0122225155055675,deliv,1985,1.613728737131176,Transportation,1.0578825196392878,All_Transportation,1.0451086628031732
2004,Multiplicative,,1.5792843412438842,1.012436410832143,deliv,1985,1.667133052582232,Transportation,1.055625645771398,All_Transportation,1.0426587136507237
2005,Multiplicative,,1.596075505896263,1.0129442985134527,deliv,1985,1.6891387402504765,Transportation,1.0583075387163183,All_Transportation,1.0447835485815344
2006,Multiplicative,,1.6158188818227626,1.0131199154865644,deliv,1985,1.709033973799498,Transportation,1.0576890721016838,All_Transportation,1.0439919854834898
2007,Multiplicative,,2.605087406071275,1.0241991719219063,deliv,1985,2.950289698560524,Transportation,1.1325108292661272,All_Transportation,1.1057525336023992
2008,Multiplicative,,2.548335794553641,1.0238283055054167,deliv,1985,2.880423593921843,Transportation,1.130315557344502,All_Transportation,1.1040088960878236
2009,Multiplicative,,2.4901248011419455,1.0246341877987504,deliv,1985,2.839302030743017,Transportation,1.1402247909184884,All_Transportation,1.112811581436751
2010,Multiplicative,,1.524744533667401,1.0158875273630859,deliv,1985,1.626313944739418,Transportation,1.0666140516193336,All_Transportation,1.0499332090314342
2011,Multiplicative,,1.5181630365301422,1.0165285516525293,deliv,1985,1.6124185723425766,Transportation,1.0620852527327114,All_Transportation,1.0448159582002123
2012,Multiplicative,,1.4574555988033147,1.0075670146920999,deliv,1985,0.0,Transportation,0.0,All_Transportation,0.0
2013,Multiplicative,,1.4664421119306823,1.0070249992433522,deliv,1985,0.0,Transportation,0.0,All_Transportation,0.0
2014,Multiplicative,,1.4994833009417963,1.0057309568197068,deliv,1985,0.0,Transportation,0.0,All_Transportation,0.0
2015,Multiplicative,,1.5115659182852976,1.0079533499790287,deliv,1985,0.0,Transportation,0.0,All_Transportation,0.0
2016,Multiplicative,,1.514636182301873,1.009928950409573,deliv,1985,0.0,Transportation,0.0,All_Transportation,0.0
2017,Multiplicative,,1.5414999322023601,1.008611182819621,deliv,1985,0.0,Transportation,0.0,All_Transportation,0.0
1949,Additive,0.0,0.0,0.0,deliv,1985,0.0,Transportation,0.0,All_Transportation,0.0
1950,Additive,0.0,0.0,0.0,deliv,1985,0.0,Transportation,0.0,All_Transportation,0.0
1951,Additive,0.0,0.0,0.0,deliv,1985,0.0,Transportation,0.0,All_Transportation,0.0
1952,Additive,0.0,0.0,0.0,deliv,1985,0.0,Transportation,0.0,All_Transportation,0.0
1953,Additive,0.0,0.0,0.0,deliv,1985,0.0,Transportation,0.0,All_Transportation,0.0
1954,Additive,0.0,0.0,0.0,deliv,1985,0.0,Transportation,0.0,All_Transportation,0.0
1955,Additive,0.0,0.0,0.0,deliv,1985,0.0,Transportation,0.0,All_Transportation,0.0
1956,Additive,0.0,0.0,0.0,deliv,1985,0.0,Transportation,0.0,All_Transportation,0.0
1957,Additive,0.0,0.0,0.0,deliv,1985,0.0,Transportation,0.0,All_Transportation,0.0
1958,Additive,0.0,0.0,0.0,deliv,1985,0.0,Transportation,0.0,All_Transportation,0.0
1959,Additive,0.0,0.0,0.0,deliv,1985,0.0,Transportation,0.0,All_Transportation,0.0
1960,Additive,0.0,0.0,0.0,deliv,1985,0.0,Transportation,0.0,All_Transportation,0.0
1961,Additive,0.0,0.0,0.0,deliv,1985,0.0,Transportation,0.0,All_Transportation,0.0
1962,Additive,0.0,0.0,0.0,deliv,1985,0.0,Transportation,0.0,All_Transportation,0.0
1963,Additive,0.0,0.0,0.0,deliv,1985,0.0,Transportation,0.0,All_Transportation,0.0
1964,Additive,0.0,0.0,0.0,deliv,1985,0.0,Transportation,0.0,All_Transportation,0.0
1965,Additive,0.0,0.0,0.0,deliv,1985,0.0,Transportation,0.0,All_Transportation,0.0
1966,Additive,0.0,0.0,0.0,deliv,1985,0.0,Transportation,0.0,All_Transportation,0.0
1967,Additive,0.0,0.0,0.0,deliv,1985,0.0,Transportation,0.0,All_Transportation,0.0
1968,Additive,0.0,0.0,0.0,deliv,1985,0.0,Transportation,0.0,All_Transportation,0.0
1969,Additive,0.0,0.0,0.0,deliv,1985,0.0,Transportation,0.0,All_Transportation,0.0
1970,Additive,0.0,0.0,0.0,deliv,1985,0.0,Transportation,0.0,All_Transportation,0.0
1971,Additive,0.0,0.0,0.0,deliv,1985,0.0,Transportation,0.0,All_Transportation,0.0
1972,Additive,0.0,0.0,0.0,deliv,1985,0.0,Transportation,0.0,All_Transportation,0.0
1973,Additive,0.0,0.0,0.0,deliv,1985,0.0,Transportation,0.0,All_Transportation,0.0
1974,Additive,0.0,0.0,0.0,deliv,1985,0.0,Transportation,0.0,All_Transportation,0.0
1975,Additive,0.0,0.0,0.0,deliv,1985,0.0,Transportation,0.0,All_Transportation,0.0
1976,Additive,0.0,0.0,0.0,deliv,1985,0.0,Transportation,0.0,All_Transportation,0.0
1977,Additive,0.0,0.0,0.0,deliv,1985,0.0,Transportation,0.0,All_Transportation,0.0
1978,Additive,0.0,0.0,0.0,deliv,1985,0.0,Transportation,0.0,All_Transportation,0.0
1979,Additive,0.0,0.0,0.0,deliv,1985,0.0,Transportation,0.0,All_Transportation,0.0
1980,Additive,0.0,0.0,0.0,deliv,1985,0.0,Transportation,0.0,All_Transportation,0.0
1981,Additive,0.0,0.0,0.0,deliv,1985,0.0,Transportation,0.0,All_Transportation,0.0
1982,Additive,0.0,0.0,0.0,deliv,1985,0.0,Transportation,0.0,All_Transportation,0.0
1983,Additive,0.0,0.0,0.0,deliv,1985,0.0,Transportation,0.0,All_Transportation,0.0
1984,Additive,0.0,0.0,0.0,deliv,1985,0.0,Transportation,0.0,All_Transportation,0.0
1985,Additive,0.0,0.0,0.0,deliv,1985,0.0,Transportation,0.0,All_Transportation,0.0
1986,Additive,670.1119472729529,0.010474011711260374,39.44802104702458,deliv,1985,957.7680819044076,Transportation,9790.905709686436,All_Transportation,248.19763957271888
1987,Additive,187.24382260176162,0.046704592073504074,-3.9091001912628087,deliv,1985,359.07505337068017,Transportation,-686.8039884392267,All_Transportation,175.69362636810783
1988,Additive,-341.1733959270332,0.08359449044846164,1.1293274736473773,deliv,1985,-77.95479756328245,Transportation,295.8902086096946,All_Transportation,262.00567639965493
1989,Additive,-320.67362167151737,0.09436225052474151,44.00891152783073,deliv,1985,216.0749213691143,Transportation,21680.782069567864,All_Transportation,492.6452692622762
1990,Additive,-836.4762744065591,0.10456251040730948,17.74717398201107,deliv,1985,-361.5093094067601,Transportation,8112.50349014723,All_Transportation,457.1152285073806
1991,Additive,-2071.6650085166275,0.1169124558005196,7.710964099791447,deliv,1985,-1612.944757068086,Transportation,3476.814915669241,All_Transportation,450.89237489294965
1992,Additive,-1819.6689219663642,0.14486730624261948,22.6839667819601,deliv,1985,-1291.8921839669727,Transportation,11454.221478941789,All_Transportation,504.94790391118886
1993,Additive,-1315.5096162523016,0.15990120297939173,32.169602106689865,deliv,1985,-581.2909840642949,Transportation,22579.49399902728,All_Transportation,701.8891288783375
1994,Additive,-1488.1959069993711,0.19268762900661915,-41.27161991226839,deliv,1985,-923.4086439621378,Transportation,-25005.07933095964,All_Transportation,605.8661953204952
1995,Additive,-1808.3017722424138,0.22210135424339283,-87.53976924039537,deliv,1985,-1384.683181618383,Transportation,-44727.2421665324,All_Transportation,510.9362585101828
1996,Additive,-3493.2738080678428,0.28095555119395915,317.18805309206687,deliv,1985,-2517.2916277040867,Transportation,208872.51087350587,All_Transportation,658.5131717204955
1997,Additive,-3540.8312587189625,0.3022491951616515,369.7375183515918,deliv,1985,-2128.6897624627127,Transportation,385304.10704295314,All_Transportation,1042.101728709497
1998,Additive,-3329.4469916029907,0.32420003796239677,403.1196653198603,deliv,1985,-1695.3211913282848,Transportation,496112.08971889224,All_Transportation,1230.6819349168836
1999,Additive,-2985.1190190830584,0.34902923151313087,414.51071302561866,deliv,1985,-1327.3362821564576,Transportation,515204.89675637893,All_Transportation,1242.9229946694693
2000,Additive,-3687.444172918679,0.3717815275757522,440.41821871278853,deliv,1985,-1892.76858213664,Transportation,596275.8801272764,All_Transportation,1353.8855905416754
2001,Additive,-4168.82598420638,0.3857850303996725,442.37104169366035,deliv,1985,-2280.605196620753,Transportation,639431.3980969759,All_Transportation,1445.4639608615673
2002,Additive,-4047.639182291005,0.4059648248768817,446.129660971545,deliv,1985,-2016.9498830601356,Transportation,706737.9412561377,All_Transportation,1584.1536734344477
2003,Additive,-3727.2059149429424,0.42227819979844544,462.804755410544,deliv,1985,-1634.6156649018965,Transportation,754077.044855149,All_Transportation,1629.3632164307037
2004,Additive,-4468.0910981017205,0.4569717958468607,472.0742653129299,deliv,1985,-2469.159923442103,Transportation,720574.1290930153,All_Transportation,1526.3999375508408
2005,Additive,-5328.106480072908,0.4675478073673711,494.1823584066272,deliv,1985,-3217.3150616532007,Transportation,798668.6240206719,All_Transportation,1616.1415122057126
2006,Additive,-5673.269860703119,0.47984187573771253,501.80958470603355,deliv,1985,-3588.185375002159,Transportation,794261.7312913617,All_Transportation,1582.7950591191884
2007,Additive,-2654.975059883592,0.9574662278367818,1151.0031627394483,deliv,1985,3433.1080114204897,Transportation,5681492.542798823,All_Transportation,4936.122442336797
2008,Additive,-3633.340676434967,0.935440516528136,1124.0681518392403,deliv,1985,2310.4331786780003,Transportation,5416626.183395375,All_Transportation,4818.770262757199
2009,Additive,-35906.4416540325,0.9123328301611442,1169.0681499699754,deliv,1985,-29485.325039874013,Transportation,6138936.002327599,All_Transportation,5251.136131358349
2010,Additive,-15545.958618811204,0.42182687711989336,827.8277214883765,deliv,1985,-11781.817916822638,Transportation,2430412.084241669,All_Transportation,2935.8911536230726
2011,Additive,-15548.520749857282,0.41750107540000503,853.0453660580197,deliv,1985,-11954.491938714904,Transportation,2337827.078913265,All_Transportation,2740.5659440089594
2012,Additive,-13656.543072691313,0.3766921748356378,500.0935234750766,deliv,1985,-inf,Transportation,-inf,All_Transportation,-inf
2013,Additive,-13740.773436848258,0.3828391350324544,478.63174396276895,deliv,1985,-inf,Transportation,-inf,All_Transportation,-inf
2014,Additive,-13997.698773756318,0.4051205827273081,426.879085780281,deliv,1985,-inf,Transportation,-inf,All_Transportation,-inf
2015,Additive,-14556.348703673299,0.4131461454576552,516.2097390054971,deliv,1985,-inf,Transportation,-inf,All_Transportation,-inf
2016,Additive,-13978.81633528823,0.4151752664270849,596.0367454611139,deliv,1985,-inf,Transportation,-inf,All_Transportation,-inf
2017,Additive,-14494.664693379624,0.4327559243624647,542.2226656372467,deliv,1985,-inf,Transportation,-inf,All_Transportation,-inf
1949,Multiplicative,inf,0.006391091559368622,0.9922008082144571,deliv,1985,inf,Transportation,,,1.473294641140826
1950,Multiplicative,,0.02965446480366496,0.9922008082144571,deliv,1985,0.043349019232004904,Transportation,,,1.473294641140826
1951,Multiplicative,,0.10472467806136797,0.9922008082144571,deliv,1985,0.05066379942060081,Transportation,,,0.4875836624660728
1952,Multiplicative,,0.03436778187166415,0.9922008082144571,deliv,1985,0.054442310322269157,Transportation,,,1.596560818533211
1953,Multiplicative,,0.03776186829885729,0.9922008082144571,deliv,1985,0.0577389187036723,Transportation,,,1.5410459794617342
1954,Multiplicative,,0.037920555497656425,0.9922008082144571,deliv,1985,0.06170969025325038,Transportation,,,1.6401331228238432
1955,Multiplicative,,0.10954789459414864,0.9922008082144571,deliv,1985,0.06756974831712365,Transportation,,,0.621653938621234
1956,Multiplicative,,0.044546025700949766,0.9922008082144571,deliv,1985,0.0734575002656778,Transportation,,,1.6619869356258856
1957,Multiplicative,,0.045981397402617245,0.9922008082144571,deliv,1985,0.07812560571793742,Transportation,,,1.7124253780762437
1958,Multiplicative,,0.046846123837877736,0.9922008082144571,deliv,1985,0.08126292208258794,Transportation,,,1.7483130375224176
1959,Multiplicative,,0.0512066205556939,0.9922008082144571,deliv,1985,0.08942052682021322,Transportation,,,1.759995400064819
1960,Multiplicative,,0.11668328166324843,0.9922008082144571,deliv,1985,0.09568772679246162,Transportation,,,0.8265098353163903
1961,Multiplicative,,0.11780584541679467,0.9922008082144571,deliv,1985,0.09972957013518749,Transportation,,,0.8532131304478827
1962,Multiplicative,,0.1767392174060379,0.9922008082144571,deliv,1985,0.10624767620821753,Transportation,,,0.6058804455120234
1963,Multiplicative,,0.18513415459025817,0.9922008082144571,deliv,1985,0.11198785164109314,Transportation,,,0.6096559119393825
1964,Multiplicative,,0.1940131167930881,0.9922008082144571,deliv,1985,0.12001969634029197,Transportation,,,0.6234790350268936
1965,Multiplicative,,0.1998972723924521,0.9922008082144571,deliv,1985,0.1222785284624063,Transportation,,,0.6165151581693395
1966,Multiplicative,,0.5782262191094448,0.9922008082144571,deliv,1985,0.5636442857296249,Transportation,,,0.982443879831712
1967,Multiplicative,,0.5945134382963837,0.9955494935186859,deliv,1985,0.5857132491791643,Transportation,,,0.9896018911966995
1968,Multiplicative,,0.6209552743010217,0.99449527922954,deliv,1985,0.6137368335549827,Transportation,,,0.993846109944901
1969,Multiplicative,,0.6459928253444898,0.9925502735811768,deliv,1985,0.6343159474891835,Transportation,,,0.9892941073774422
1970,Multiplicative,,0.7078660698995383,0.9924038676893259,deliv,1985,0.6785638502417817,Transportation,,,0.9659422788662044
1971,Multiplicative,,0.7382272075080751,0.9955074234363728,deliv,1985,0.7191164908507289,Transportation,,,0.978508715204534
1972,Multiplicative,,0.7800618158575261,0.9970640344918035,deliv,1985,0.7654022273471482,Transportation,,,0.9840964182510614
1973,Multiplicative,,0.8111777056733934,0.9965691364608216,deliv,1985,0.7974622668707669,Transportation,,,0.9864764090451754
1974,Multiplicative,,0.7956585601264466,0.9955826296442898,deliv,1985,0.7794787931352793,Transportation,,,0.984011680973267
1975,Multiplicative,,0.7937208768031895,1.0023223476643726,deliv,1985,0.7946655008114943,Transportation,,,0.9988703968240115
1976,Multiplicative,,0.8391953873615303,1.001840293868624,deliv,1985,0.8435820113765868,Transportation,,,1.0033806631330655
1977,Multiplicative,,0.8745382871358992,1.0019704286726514,deliv,1985,0.8835395067511506,Transportation,,,1.0083057446647832
1978,Multiplicative,,0.9358535012208549,0.9972369139045261,deliv,1985,0.9263398142864094,Transportation,,,0.9925767885743068
1979,Multiplicative,,0.9343762184509996,0.9947686634669815,deliv,1985,0.9161116406300908,Transportation,,,0.9856087020440597
1980,Multiplicative,,0.9339472915915055,0.9937775821867919,deliv,1985,0.9034509154795844,Transportation,,,0.973403715614558
1981,Multiplicative,,0.9380529825695518,0.9954203103990605,deliv,1985,0.9096946979161374,Transportation,,,0.9742306687994104
1982,Multiplicative,,0.9301806049837195,1.000041576041656,deliv,1985,0.9220867240989363,Transportation,,,0.9912573795202335
1983,Multiplicative,,0.9638312451060327,0.9993183863906604,deliv,1985,0.9580132293888626,Transportation,,,0.994641618546246
1984,Multiplicative,,0.9927837831895254,0.998328543693465,deliv,1985,0.9853038224599392,Transportation,,,0.9941273102732244
1985,Multiplicative,,1.0,1.0,deliv,1985,1.0,Transportation,,,1.0
1986,Multiplicative,,1.0105290561828804,1.001243414128251,deliv,1985,1.0197275881247871,Transportation,,,1.0078495148897741
1987,Multiplicative,,1.0478124312583612,0.9999124194815262,deliv,1985,1.0535984610398479,Transportation,,,1.0056100809532122
1988,Multiplicative,,1.0871879393155295,1.000063843265052,deliv,1985,1.0961968557178985,Transportation,,,1.008222070683897
1989,Multiplicative,,1.098957771849791,1.0013318701296328,deliv,1985,1.1170567304434296,Transportation,,,1.0151171986891525
1990,Multiplicative,,1.110224792301104,1.000557743042501,deliv,1985,1.126457575398685,Transportation,,,1.0140555854548488
1991,Multiplicative,,1.1240210238624369,1.0002575212891593,deliv,1985,1.1399011798809862,Transportation,,,1.0138668961184023
1992,Multiplicative,,1.1558861812108725,1.0007029913948835,deliv,1985,1.1746253510584408,Transportation,,,1.015498064353713
1993,Multiplicative,,1.1733949373411487,1.000976202954977,deliv,1985,1.1995226744979723,Transportation,,,1.0212698221034793
1994,Multiplicative,,1.2125039832837985,0.9989207494212878,deliv,1985,1.2336375040916767,Transportation,,,1.0185288985263723
1995,Multiplicative,,1.2486979322849145,0.9976569179767742,deliv,1985,1.2655634529208097,Transportation,,,1.0158867916749932
1996,Multiplicative,,1.3243947348622458,1.008523176521616,deliv,1985,1.3622729662051092,Transportation,,,1.019907557043116
1997,Multiplicative,,1.3528983204223326,1.009910385131796,deliv,1985,1.4075583916253742,Transportation,,,1.0301925965900376
1998,Multiplicative,,1.3829239167347989,1.01077102793674,deliv,1985,1.4469690591542559,Transportation,,,1.0351616448180512
1999,Multiplicative,,1.4176906309785922,1.011055902850534,deliv,1985,1.484213334266401,Transportation,,,1.0354751733270573
2000,Multiplicative,,1.4503160926060223,1.011691335462786,deliv,1985,1.5234178425895626,Transportation,,,1.0382653042002437
2001,Multiplicative,,1.470768466319405,1.0117390378928666,deliv,1985,1.5483938363565701,Transportation,,,1.040563568055469
2002,Multiplicative,,1.5007497624719137,1.0118296998973941,deliv,1985,1.5853314204765347,Transportation,,,1.0440092846002618
2003,Multiplicative,,1.5254328407670619,1.0122225155055675,deliv,1985,1.613728737131176,Transportation,,,1.0451086628031732
2004,Multiplicative,,1.5792843412438842,1.012436410832143,deliv,1985,1.667133052582232,Transportation,,,1.0426587136507237
2005,Multiplicative,,1.596075505896263,1.0129442985134527,deliv,1985,1.6891387402504765,Transportation,,,1.0447835485815344
2006,Multiplicative,,1.6158188818227626,1.0131199154865644,deliv,1985,1.709033973799498,Transportation,,,1.0439919854834898
2007,Multiplicative,,2.605087406071275,1.0241991719219063,deliv,1985,2.950289698560524,Transportation,,,1.1057525336023992
2008,Multiplicative,,2.548335794553641,1.0238283055054167,deliv,1985,2.880423593921843,Transportation,,,1.1040088960878236
2009,Multiplicative,,2.4901248011419455,1.0246341877987504,deliv,1985,2.839302030743017,Transportation,,,1.112811581436751
2010,Multiplicative,,1.524744533667401,1.0158875273630859,deliv,1985,1.626313944739418,Transportation,,,1.0499332090314342
2011,Multiplicative,,1.5181630365301422,1.0165285516525293,deliv,1985,1.6124185723425766,Transportation,,,1.0448159582002123
2012,Multiplicative,,1.4574555988033147,1.0075670146920999,deliv,1985,0.0,Transportation,,,0.0
2013,Multiplicative,,1.4664421119306823,1.0070249992433522,deliv,1985,0.0,Transportation,,,0.0
2014,Multiplicative,,1.4994833009417963,1.0057309568197068,deliv,1985,0.0,Transportation,,,0.0
2015,Multiplicative,,1.5115659182852976,1.0079533499790287,deliv,1985,0.0,Transportation,,,0.0
2016,Multiplicative,,1.514636182301873,1.009928950409573,deliv,1985,0.0,Transportation,,,0.0
2017,Multiplicative,,1.5414999322023601,1.008611182819621,deliv,1985,0.0,Transportation,,,0.0
1949,Additive,0.0,0.0,0.0,deliv,1985,0.0,Transportation,,,0.0
1950,Additive,0.0,0.0,0.0,deliv,1985,0.0,Transportation,,,0.0
1951,Additive,0.0,0.0,0.0,deliv,1985,0.0,Transportation,,,0.0
1952,Additive,0.0,0.0,0.0,deliv,1985,0.0,Transportation,,,0.0
1953,Additive,0.0,0.0,0.0,deliv,1985,0.0,Transportation,,,0.0
1954,Additive,0.0,0.0,0.0,deliv,1985,0.0,Transportation,,,0.0
1955,Additive,0.0,0.0,0.0,deliv,1985,0.0,Transportation,,,0.0
1956,Additive,0.0,0.0,0.0,deliv,1985,0.0,Transportation,,,0.0
1957,Additive,0.0,0.0,0.0,deliv,1985,0.0,Transportation,,,0.0
1958,Additive,0.0,0.0,0.0,deliv,1985,0.0,Transportation,,,0.0
1959,Additive,0.0,0.0,0.0,deliv,1985,0.0,Transportation,,,0.0
1960,Additive,0.0,0.0,0.0,deliv,1985,0.0,Transportation,,,0.0
1961,Additive,0.0,0.0,0.0,deliv,1985,0.0,Transportation,,,0.0
1962,Additive,0.0,0.0,0.0,deliv,1985,0.0,Transportation,,,0.0
1963,Additive,0.0,0.0,0.0,deliv,1985,0.0,Transportation,,,0.0
1964,Additive,0.0,0.0,0.0,deliv,1985,0.0,Transportation,,,0.0
1965,Additive,0.0,0.0,0.0,deliv,1985,0.0,Transportation,,,0.0
1966,Additive,0.0,0.0,0.0,deliv,1985,0.0,Transportation,,,0.0
1967,Additive,0.0,0.0,0.0,deliv,1985,0.0,Transportation,,,0.0
1968,Additive,0.0,0.0,0.0,deliv,1985,0.0,Transportation,,,0.0
1969,Additive,0.0,0.0,0.0,deliv,1985,0.0,Transportation,,,0.0
1970,Additive,0.0,0.0,0.0,deliv,1985,0.0,Transportation,,,0.0
1971,Additive,0.0,0.0,0.0,deliv,1985,0.0,Transportation,,,0.0
1972,Additive,0.0,0.0,0.0,deliv,1985,0.0,Transportation,,,0.0
1973,Additive,0.0,0.0,0.0,deliv,1985,0.0,Transportation,,,0.0
1974,Additive,0.0,0.0,0.0,deliv,1985,0.0,Transportation,,,0.0
1975,Additive,0.0,0.0,0.0,deliv,1985,0.0,Transportation,,,0.0
1976,Additive,0.0,0.0,0.0,deliv,1985,0.0,Transportation,,,0.0
1977,Additive,0.0,0.0,0.0,deliv,1985,0.0,Transportation,,,0.0
1978,Additive,0.0,0.0,0.0,deliv,1985,0.0,Transportation,,,0.0
1979,Additive,0.0,0.0,0.0,deliv,1985,0.0,Transportation,,,0.0
1980,Additive,0.0,0.0,0.0,deliv,1985,0.0,Transportation,,,0.0
1981,Additive,0.0,0.0,0.0,deliv,1985,0.0,Transportation,,,0.0
1982,Additive,0.0,0.0,0.0,deliv,1985,0.0,Transportation,,,0.0
1983,Additive,0.0,0.0,0.0,deliv,1985,0.0,Transportation,,,0.0
1984,Additive,0.0,0.0,0.0,deliv,1985,0.0,Transportation,,,0.0
1985,Additive,0.0,0.0,0.0,deliv,1985,0.0,Transportation,,,0.0
1986,Additive,670.1119472729529,0.010474011711260374,39.44802104702458,deliv,1985,957.7680819044076,Transportation,,,248.19763957271888
1987,Additive,187.24382260176162,0.046704592073504074,-3.9091001912628087,deliv,1985,359.07505337068017,Transportation,,,175.69362636810783
1988,Additive,-341.1733959270332,0.08359449044846164,1.1293274736473773,deliv,1985,-77.95479756328245,Transportation,,,262.00567639965493
1989,Additive,-320.67362167151737,0.09436225052474151,44.00891152783073,deliv,1985,216.0749213691143,Transportation,,,492.6452692622762
1990,Additive,-836.4762744065591,0.10456251040730948,17.74717398201107,deliv,1985,-361.5093094067601,Transportation,,,457.1152285073806
1991,Additive,-2071.6650085166275,0.1169124558005196,7.710964099791447,deliv,1985,-1612.944757068086,Transportation,,,450.89237489294965
1992,Additive,-1819.6689219663642,0.14486730624261948,22.6839667819601,deliv,1985,-1291.8921839669727,Transportation,,,504.94790391118886
1993,Additive,-1315.5096162523016,0.15990120297939173,32.169602106689865,deliv,1985,-581.2909840642949,Transportation,,,701.8891288783375
1994,Additive,-1488.1959069993711,0.19268762900661915,-41.27161991226839,deliv,1985,-923.4086439621378,Transportation,,,605.8661953204952
1995,Additive,-1808.3017722424138,0.22210135424339283,-87.53976924039537,deliv,1985,-1384.683181618383,Transportation,,,510.9362585101828
1996,Additive,-3493.2738080678428,0.28095555119395915,317.18805309206687,deliv,1985,-2517.2916277040867,Transportation,,,658.5131717204955
1997,Additive,-3540.8312587189625,0.3022491951616515,369.7375183515918,deliv,1985,-2128.6897624627127,Transportation,,,1042.101728709497
1998,Additive,-3329.4469916029907,0.32420003796239677,403.1196653198603,deliv,1985,-1695.3211913282848,Transportation,,,1230.6819349168836
1999,Additive,-2985.1190190830584,0.34902923151313087,414.51071302561866,deliv,1985,-1327.3362821564576,Transportation,,,1242.9229946694693
2000,Additive,-3687.444172918679,0.3717815275757522,440.41821871278853,deliv,1985,-1892.76858213664,Transportation,,,1353.8855905416754
2001,Additive,-4168.82598420638,0.3857850303996725,442.37104169366035,deliv,1985,-2280.605196620753,Transportation,,,1445.4639608615673
2002,Additive,-4047.639182291005,0.4059648248768817,446.129660971545,deliv,1985,-2016.9498830601356,Transportation,,,1584.1536734344477
2003,Additive,-3727.2059149429424,0.42227819979844544,462.804755410544,deliv,1985,-1634.6156649018965,Transportation,,,1629.3632164307037
2004,Additive,-4468.0910981017205,0.4569717958468607,472.0742653129299,deliv,1985,-2469.159923442103,Transportation,,,1526.3999375508408
2005,Additive,-5328.106480072908,0.4675478073673711,494.1823584066272,deliv,1985,-3217.3150616532007,Transportation,,,1616.1415122057126
2006,Additive,-5673.269860703119,0.47984187573771253,501.80958470603355,deliv,1985,-3588.185375002159,Transportation,,,1582.7950591191884
2007,Additive,-2654.975059883592,0.9574662278367818,1151.0031627394483,deliv,1985,3433.1080114204897,Transportation,,,4936.122442336797
2008,Additive,-3633.340676434967,0.935440516528136,1124.0681518392403,deliv,1985,2310.4331786780003,Transportation,,,4818.770262757199
2009,Additive,-35906.4416540325,0.9123328301611442,1169.0681499699754,deliv,1985,-29485.325039874013,Transportation,,,5251.136131358349
2010,Additive,-15545.958618811204,0.42182687711989336,827.8277214883765,deliv,1985,-11781.817916822638,Transportation,,,2935.8911536230726
2011,Additive,-15548.520749857282,0.41750107540000503,853.0453660580197,deliv,1985,-11954.491938714904,Transportation,,,2740.5659440089594
2012,Additive,-13656.543072691313,0.3766921748356378,500.0935234750766,deliv,1985,-inf,Transportation,,,-inf
2013,Additive,-13740.773436848258,0.3828391350324544,478.63174396276895,deliv,1985,-inf,Transportation,,,-inf
2014,Additive,-13997.698773756318,0.4051205827273081,426.879085780281,deliv,1985,-inf,Transportation,,,-inf
2015,Additive,-14556.348703673299,0.4131461454576552,516.2097390054971,deliv,1985,-inf,Transportation,,,-inf
2016,Additive,-13978.81633528823,0.4151752664270849,596.0367454611139,deliv,1985,-inf,Transportation,,,-inf
2017,Additive,-14494.664693379624,0.4327559243624647,542.2226656372467,deliv,1985,-inf,Transportation,,,-inf
